#
# There is insufficient memory for the Java Runtime Environment to continue.
# Native memory allocation (malloc) failed to allocate 263056 bytes for Chunk::new
# Possible reasons:
#   The system is out of physical RAM or swap space
#   The process is running with CompressedOops enabled, and the Java Heap may be blocking the growth of the native heap
# Possible solutions:
#   Reduce memory load on the system
#   Increase physical memory or swap space
#   Check if swap backing store is full
#   Decrease Java heap size (-Xmx/-Xms)
#   Decrease number of Java threads
#   Decrease Java thread stack sizes (-Xss)
#   Set larger code cache with -XX:ReservedCodeCacheSize=
#   JVM is running with Zero Based Compressed Oops mode in which the Java heap is
#     placed in the first 32GB address space. The Java Heap base address is the
#     maximum limit for the native heap growth. Please use -XX:HeapBaseMinAddress
#     to set the Java Heap base and to place the Java Heap above 32GB virtual address.
# This output file may be truncated or incomplete.
#
#  Out of Memory Error (arena.cpp:189), pid=7884, tid=32488
#
# JRE version: Java(TM) SE Runtime Environment (17.0.12+8) (build 17.0.12+8-LTS-286)
# Java VM: Java HotSpot(TM) 64-Bit Server VM (17.0.12+8-LTS-286, mixed mode, sharing, tiered, compressed oops, compressed class ptrs, g1 gc, windows-amd64)
# No core dump will be written. Minidumps are not enabled by default on client versions of Windows
#

---------------  S U M M A R Y ------------

Command Line: -javaagent:C:\Users\gayat\AppData\Local\JetBrains\IdeaIC2025.2\captureAgent\debugger-agent.jar=file:///C:/Users/gayat/AppData/Local/Temp/capture902669498718563874.props -ea -Didea.test.cyclic.buffer.size=1048576 -javaagent:C:\Program Files\JetBrains\IntelliJ IDEA Community Edition 2025.2\lib\idea_rt.jar=60085 -Dkotlinx.coroutines.debug.enable.creation.stack.trace=false -Ddebugger.agent.enable.coroutines=true -Dkotlinx.coroutines.debug.enable.flows.stack.trace=true -Dkotlinx.coroutines.debug.enable.mutable.state.flows.stack.trace=true -Dfile.encoding=UTF-8 com.intellij.rt.testng.RemoteTestNGStarter -usedefaultlisteners false -socket60084 @w@C:\Users\gayat\AppData\Local\Temp\idea_working_dirs_testng.tmp -temp C:\Users\gayat\AppData\Local\Temp\idea_testng.tmp

Host: Intel(R) Core(TM) 7 150U, 12 cores, 15G,  Windows 11 , 64 bit Build 26100 (10.0.26100.7705)
Time: Tue Feb 24 16:34:40 2026 Pacific Standard Time elapsed time: 9011.575463 seconds (0d 2h 30m 11s)

---------------  T H R E A D  ---------------

Current thread (0x000002e62be29a40):  JavaThread "C2 CompilerThread0" daemon [_thread_in_native, id=32488, stack(0x000000e75b800000,0x000000e75b900000)]


Current CompileTask:
C2:9011577 9887   !   4       io.qameta.allure.internal.shadowed.jackson.databind.ser.impl.IndexedListSerializer::serializeContents (188 bytes)

Stack: [0x000000e75b800000,0x000000e75b900000]
Native frames: (J=compiled Java code, j=interpreted, Vv=VM code, C=native code)
V  [jvm.dll+0x67a04a]
V  [jvm.dll+0x7da4ed]
V  [jvm.dll+0x7dbe33]
V  [jvm.dll+0x7dc4a3]
V  [jvm.dll+0x24508f]
V  [jvm.dll+0xab773]
V  [jvm.dll+0xabd3c]
V  [jvm.dll+0x2aa52f]
V  [jvm.dll+0x581eb9]
V  [jvm.dll+0x21f422]
V  [jvm.dll+0x21f81f]
V  [jvm.dll+0x218aa0]
V  [jvm.dll+0x215b65]
V  [jvm.dll+0x1a2960]
V  [jvm.dll+0x22610b]
V  [jvm.dll+0x2242ab]
V  [jvm.dll+0x79075c]
V  [jvm.dll+0x78abea]
V  [jvm.dll+0x678f35]
C  [ucrtbase.dll+0x37b0]
C  [KERNEL32.DLL+0x2e8d7]
C  [ntdll.dll+0x8c40c]


---------------  P R O C E S S  ---------------

Threads class SMR info:
_java_thread_list=0x000002e6776d6600, length=219, elements={
0x000002e60983a240, 0x000002e62bdfdb20, 0x000002e62bdfe5f0, 0x000002e62be1f390,
0x000002e62be21c70, 0x000002e62be22540, 0x000002e62be24e20, 0x000002e62be29a40,
0x000002e62be2a350, 0x000002e62be2d040, 0x000002e62c8fd110, 0x000002e62c9eba90,
0x000002e672030930, 0x000002e67201c4b0, 0x000002e6726cfbd0, 0x000002e6726ceca0,
0x000002e6726ce790, 0x000002e6753a7390, 0x000002e6753a5020, 0x000002e6753a8ce0,
0x000002e6753a9c10, 0x000002e6753a78a0, 0x000002e6753a91f0, 0x000002e6753aa120,
0x000002e6753a9700, 0x000002e6726d1520, 0x000002e673d3d880, 0x000002e675969740,
0x000002e675969c50, 0x000002e675968d20, 0x000002e675969230, 0x000002e67596a670,
0x000002e675968810, 0x000002e67596bfc0, 0x000002e67596c9e0, 0x000002e67596b090,
0x000002e67596d400, 0x000002e67596cef0, 0x000002e67596a160, 0x000002e67596ab80,
0x000002e67596d910, 0x000002e67596bab0, 0x000002e67596ed50, 0x000002e67596de20,
0x000002e67596e840, 0x000002e67596e330, 0x000002e67596b5a0, 0x000002e6780c91c0,
0x000002e6780c6430, 0x000002e6780c9be0, 0x000002e6780cba40, 0x000002e6780cc460,
0x000002e6780cd390, 0x000002e677c793a0, 0x000002e677c77a50, 0x000002e677c77f60,
0x000002e677c76610, 0x000002e677c7cb50, 0x000002e677c7a7e0, 0x000002e677c7bc20,
0x000002e677c7b200, 0x000002e675e7a880, 0x000002e675e79440, 0x000002e675e79950,
0x000002e675e78510, 0x000002e675e7d100, 0x000002e675e7c1d0, 0x000002e675e7cbf0,
0x000002e6749eb620, 0x000002e6749ea6f0, 0x000002e6749ef2e0, 0x000002e672671c10,
0x000002e672674490, 0x000002e672675de0, 0x000002e672741090, 0x000002e672741fc0,
0x000002e67273f230, 0x000002e67273ed20, 0x000002e672740160, 0x000002e672745770,
0x000002e672745c80, 0x000002e676117390, 0x000002e676116460, 0x000002e676116970,
0x000002e676112cb0, 0x000002e67610ff20, 0x000002e676110430, 0x000002e67610f500,
0x000002e676110940, 0x000002e6761136d0, 0x000002e676110e50, 0x000002e6761140f0,
0x000002e676113be0, 0x000002e676114600, 0x000002e676114b10, 0x000002e676111360,
0x000002e6761178a0, 0x000002e676115020, 0x000002e6761182c0, 0x000002e676115530,
0x000002e676115a40, 0x000002e676117db0, 0x000002e67610fa10, 0x000002e676111d80,
0x000002e676119700, 0x000002e676115f50, 0x000002e67611ab40, 0x000002e67611ceb0,
0x000002e67611b560, 0x000002e67611ba70, 0x000002e67611a120, 0x000002e672672120,
0x000002e6761127a0, 0x000002e6761131c0, 0x000002e676118ce0, 0x000002e67611c9a0,
0x000002e67611dde0, 0x000002e67611ed10, 0x000002e67611e800, 0x000002e67611d8d0,
0x000002e6727415a0, 0x000002e672742ef0, 0x000002e6761187d0, 0x000002e67611bf80,
0x000002e6749b9280, 0x000002e6749bcf40, 0x000002e672746bb0, 0x000002e67274c1c0,
0x000002e67274c6d0, 0x000002e6780c6e50, 0x000002e677bb7320, 0x000002e677bb7830,
0x000002e677bbf1b0, 0x000002e677bbf6c0, 0x000002e677bc00e0, 0x000002e677bbce40,
0x000002e677bbe280, 0x000002e677bbd860, 0x000002e677bbfbd0, 0x000002e677bc05f0,
0x000002e677bc0b00, 0x000002e677bbd350, 0x000002e677bc1010, 0x000002e677bc1520,
0x000002e677bc1a30, 0x000002e677ba4d80, 0x000002e677ba4360, 0x000002e677ba57a0,
0x000002e677ba5290, 0x000002e677ba3940, 0x000002e677ba61c0, 0x000002e677ba66d0,
0x000002e677ba2f20, 0x000002e677ba6be0, 0x000002e677ba70f0, 0x000002e677baa390,
0x000002e677ba7600, 0x000002e677bab2c0, 0x000002e677ba8a40, 0x000002e677baa8a0,
0x000002e677ba9e80, 0x000002e677ba7b10, 0x000002e677ba8020, 0x000002e677bac1f0,
0x000002e677bab7d0, 0x000002e677babce0, 0x000002e677ba9970, 0x000002e677bb0de0,
0x000002e677bb12f0, 0x000002e677bb1800, 0x000002e677bae050, 0x000002e6749b4690,
0x000002e6749af590, 0x000002e6749b6f10, 0x000002e6749b04c0, 0x000002e6749b8350,
0x000002e6749b9790, 0x000002e6749b4180, 0x000002e6749babd0, 0x000002e6749b2d40,
0x000002e6749b6a00, 0x000002e6749b8d70, 0x000002e6749be380, 0x000002e672c0c2e0,
0x000002e672c0c7f0, 0x000002e672c0d210, 0x000002e672c0bdd0, 0x000002e672c0eb60,
0x000002e672c0f580, 0x000002e672c13c60, 0x000002e672c12820, 0x000002e672c14170,
0x000002e672c13240, 0x000002e67273f740, 0x000002e672743400, 0x000002e67274bcb0,
0x000002e6749ec550, 0x000002e6726758d0, 0x000002e672677730, 0x000002e672678660,
0x000002e675e7ad90, 0x000002e675e78000, 0x000002e677c78e90, 0x000002e677c7d570,
0x000002e677c7c640, 0x000002e677c7c130, 0x000002e677c7da80, 0x000002e677bb8250,
0x000002e677bb63f0, 0x000002e677bb6e10, 0x000002e677ba2500, 0x000002e677ba5cb0,
0x000002e677ba1ff0, 0x000002e677ba4870, 0x000002e677ba2a10, 0x000002e677ba3430,
0x000002e677ba3e50, 0x000002e677ba8f50, 0x000002e677baadb0
}

Java Threads: ( => current thread )
  0x000002e60983a240 JavaThread "main" [_thread_blocked, id=44688, stack(0x000000e75aa00000,0x000000e75ab00000)]
  0x000002e62bdfdb20 JavaThread "Reference Handler" daemon [_thread_blocked, id=2752, stack(0x000000e75b200000,0x000000e75b300000)]
  0x000002e62bdfe5f0 JavaThread "Finalizer" daemon [_thread_blocked, id=31892, stack(0x000000e75b300000,0x000000e75b400000)]
  0x000002e62be1f390 JavaThread "Signal Dispatcher" daemon [_thread_blocked, id=41236, stack(0x000000e75b400000,0x000000e75b500000)]
  0x000002e62be21c70 JavaThread "Attach Listener" daemon [_thread_blocked, id=31260, stack(0x000000e75b500000,0x000000e75b600000)]
  0x000002e62be22540 JavaThread "Service Thread" daemon [_thread_blocked, id=54520, stack(0x000000e75b600000,0x000000e75b700000)]
  0x000002e62be24e20 JavaThread "Monitor Deflation Thread" daemon [_thread_blocked, id=50308, stack(0x000000e75b700000,0x000000e75b800000)]
=>0x000002e62be29a40 JavaThread "C2 CompilerThread0" daemon [_thread_in_native, id=32488, stack(0x000000e75b800000,0x000000e75b900000)]
  0x000002e62be2a350 JavaThread "C1 CompilerThread0" daemon [_thread_in_vm, id=32660, stack(0x000000e75b900000,0x000000e75ba00000)]
  0x000002e62be2d040 JavaThread "Sweeper thread" daemon [_thread_blocked, id=59516, stack(0x000000e75ba00000,0x000000e75bb00000)]
  0x000002e62c8fd110 JavaThread "Common-Cleaner" daemon [_thread_blocked, id=61572, stack(0x000000e75bb00000,0x000000e75bc00000)]
  0x000002e62c9eba90 JavaThread "IntelliJ Suspend Helper" daemon [_thread_blocked, id=30284, stack(0x000000e75bc00000,0x000000e75bd00000)]
  0x000002e672030930 JavaThread "Monitor Ctrl-Break" daemon [_thread_in_native, id=39868, stack(0x000000e75bd00000,0x000000e75be00000)]
  0x000002e67201c4b0 JavaThread "Notification Thread" daemon [_thread_blocked, id=55956, stack(0x000000e75be00000,0x000000e75bf00000)]
  0x000002e6726cfbd0 JavaThread "TestNG-tests-1" [_thread_blocked, id=40544, stack(0x000000e75ca00000,0x000000e75cb00000)]
  0x000002e6726ceca0 JavaThread "TestNG-tests-2" [_thread_blocked, id=6164, stack(0x000000e75cb00000,0x000000e75cc00000)]
  0x000002e6726ce790 JavaThread "TestNG-tests-3" [_thread_blocked, id=19556, stack(0x000000e75cc00000,0x000000e75cd00000)]
  0x000002e6753a7390 JavaThread "TestNG-PoolService-0" [_thread_blocked, id=20236, stack(0x000000e75d100000,0x000000e75d200000)]
  0x000002e6753a5020 JavaThread "TestNG-PoolService-0" [_thread_blocked, id=43100, stack(0x000000e75d200000,0x000000e75d300000)]
  0x000002e6753a8ce0 JavaThread "TestNG-PoolService-0" [_thread_blocked, id=55736, stack(0x000000e75d300000,0x000000e75d400000)]
  0x000002e6753a9c10 JavaThread "Forwarding isElementDisplayed on session 254bd44a-ed85-4290-92bc-9d3331eb56b0 to remote" [_thread_blocked, id=62920, stack(0x000000e75d400000,0x000000e75d500000)]
  0x000002e6753a78a0 JavaThread "Forwarding executeScript on session 263e6141-f67e-4d8b-9789-910c47e27931 to remote" [_thread_blocked, id=5836, stack(0x000000e75d500000,0x000000e75d600000)]
  0x000002e6753a91f0 JavaThread "Forwarding findElement on session 50048f55-44a8-47ce-bb99-c739a8332948 to remote" [_thread_blocked, id=36240, stack(0x000000e75d600000,0x000000e75d700000)]
  0x000002e6753aa120 JavaThread "TestNG-PoolService-2" [_thread_blocked, id=53836, stack(0x000000e75d700000,0x000000e75d800000)]
  0x000002e6753a9700 JavaThread "TestNG-PoolService-2" [_thread_blocked, id=39860, stack(0x000000e75d800000,0x000000e75d900000)]
  0x000002e6726d1520 JavaThread "TestNG-PoolService-3" [_thread_in_native, id=61072, stack(0x000000e75d900000,0x000000e75da00000)]
  0x000002e673d3d880 JavaThread "TestNG-PoolService-2" [_thread_blocked, id=35156, stack(0x000000e75da00000,0x000000e75db00000)]
  0x000002e675969740 JavaThread "Forwarding findElement on session 90ec886d-e9ee-4729-b913-b47985ac8a92 to remote" [_thread_blocked, id=43748, stack(0x000000e75db00000,0x000000e75dc00000)]
  0x000002e675969c50 JavaThread "TestNG-PoolService-4" [_thread_blocked, id=29084, stack(0x000000e75dc00000,0x000000e75dd00000)]
  0x000002e675968d20 JavaThread "TestNG-PoolService-3" [_thread_blocked, id=33548, stack(0x000000e75dd00000,0x000000e75de00000)]
  0x000002e675969230 JavaThread "TestNG-PoolService-4" [_thread_blocked, id=33980, stack(0x000000e75de00000,0x000000e75df00000)]
  0x000002e67596a670 JavaThread "Forwarding screenshot on session 634dd84b-bc3a-4def-accd-c30b01f570ba to remote" [_thread_blocked, id=56628, stack(0x000000e75df00000,0x000000e75e000000)]
  0x000002e675968810 JavaThread "TestNG-PoolService-4" [_thread_blocked, id=43576, stack(0x000000e75e000000,0x000000e75e100000)]
  0x000002e67596bfc0 JavaThread "TestNG-PoolService-5" [_thread_in_native, id=38424, stack(0x000000e75e100000,0x000000e75e200000)]
  0x000002e67596c9e0 JavaThread "Forwarding findElement on session b4755889-7866-4da9-b352-58bb4b7ee34f to remote" [_thread_blocked, id=38520, stack(0x000000e75e200000,0x000000e75e300000)]
  0x000002e67596b090 JavaThread "TestNG-PoolService-5" [_thread_blocked, id=58860, stack(0x000000e75e300000,0x000000e75e400000)]
  0x000002e67596d400 JavaThread "TestNG-PoolService-6" [_thread_blocked, id=39200, stack(0x000000e75e400000,0x000000e75e500000)]
  0x000002e67596cef0 JavaThread "TestNG-PoolService-7" [_thread_blocked, id=58764, stack(0x000000e75e500000,0x000000e75e600000)]
  0x000002e67596a160 JavaThread "TestNG-PoolService-8" [_thread_blocked, id=33592, stack(0x000000e75e600000,0x000000e75e700000)]
  0x000002e67596ab80 JavaThread "TestNG-PoolService-9" [_thread_in_native, id=25044, stack(0x000000e75e700000,0x000000e75e800000)]
  0x000002e67596d910 JavaThread "TestNG-PoolService-7" [_thread_blocked, id=12036, stack(0x000000e75e800000,0x000000e75e900000)]
  0x000002e67596bab0 JavaThread "TestNG-PoolService-8" [_thread_blocked, id=43516, stack(0x000000e75e900000,0x000000e75ea00000)]
  0x000002e67596ed50 JavaThread "TestNG-PoolService-9" [_thread_blocked, id=16680, stack(0x000000e75ea00000,0x000000e75eb00000)]
  0x000002e67596de20 JavaThread "TestNG-PoolService-6" [_thread_blocked, id=36220, stack(0x000000e75eb00000,0x000000e75ec00000)]
  0x000002e67596e840 JavaThread "TestNG-PoolService-7" [_thread_blocked, id=53584, stack(0x000000e75ec00000,0x000000e75ed00000)]
  0x000002e67596e330 JavaThread "TestNG-PoolService-8" [_thread_blocked, id=50472, stack(0x000000e75ed00000,0x000000e75ee00000)]
  0x000002e67596b5a0 JavaThread "TestNG-PoolService-9" [_thread_blocked, id=10220, stack(0x000000e75ee00000,0x000000e75ef00000)]
  0x000002e6780c91c0 JavaThread "HttpClient-16-SelectorManager" daemon [_thread_in_native, id=32872, stack(0x000000e75f300000,0x000000e75f400000)]
  0x000002e6780c6430 JavaThread "HttpClient-18-SelectorManager" daemon [_thread_in_native, id=41708, stack(0x000000e75f500000,0x000000e75f600000)]
  0x000002e6780c9be0 JavaThread "HttpClient-24-SelectorManager" daemon [_thread_in_native, id=59024, stack(0x000000e75f700000,0x000000e75f800000)]
  0x000002e6780cba40 JavaThread "HttpClient-10-SelectorManager" daemon [_thread_in_native, id=55344, stack(0x000000e75fe00000,0x000000e75ff00000)]
  0x000002e6780cc460 JavaThread "HttpClient-23-SelectorManager" daemon [_thread_in_native, id=8208, stack(0x000000e760200000,0x000000e760300000)]
  0x000002e6780cd390 JavaThread "HttpClient-2-SelectorManager" daemon [_thread_in_native, id=61180, stack(0x000000e760400000,0x000000e760500000)]
  0x000002e677c793a0 JavaThread "HttpClient-9-SelectorManager" daemon [_thread_in_native, id=36880, stack(0x000000e760700000,0x000000e760800000)]
  0x000002e677c77a50 JavaThread "HttpClient-7-SelectorManager" daemon [_thread_in_native, id=37796, stack(0x000000e760c00000,0x000000e760d00000)]
  0x000002e677c77f60 JavaThread "External Process Output Forwarder - C:\Users\gayat\.cache\selenium\geckodriver\win64\0.36.0\geckodriver.exe" daemon [_thread_in_native, id=596, stack(0x000000e760d00000,0x000000e760e00000)]
  0x000002e677c76610 JavaThread "External Process Output Forwarder - C:\Users\gayat\.cache\selenium\geckodriver\win64\0.36.0\geckodriver.exe" daemon [_thread_in_native, id=40676, stack(0x000000e761100000,0x000000e761200000)]
  0x000002e677c7cb50 JavaThread "External Process Output Forwarder - C:\Users\gayat\.cache\selenium\geckodriver\win64\0.36.0\geckodriver.exe" daemon [_thread_in_native, id=58448, stack(0x000000e761400000,0x000000e761500000)]
  0x000002e677c7a7e0 JavaThread "External Process Output Forwarder - C:\Users\gayat\.cache\selenium\geckodriver\win64\0.36.0\geckodriver.exe" daemon [_thread_in_native, id=20040, stack(0x000000e761700000,0x000000e761800000)]
  0x000002e677c7bc20 JavaThread "External Process Output Forwarder - C:\Users\gayat\.cache\selenium\geckodriver\win64\0.36.0\geckodriver.exe" daemon [_thread_in_native, id=38848, stack(0x000000e761a00000,0x000000e761b00000)]
  0x000002e677c7b200 JavaThread "External Process Output Forwarder - C:\Users\gayat\.cache\selenium\geckodriver\win64\0.36.0\geckodriver.exe" daemon [_thread_in_native, id=38316, stack(0x000000e761d00000,0x000000e761e00000)]
  0x000002e675e7a880 JavaThread "External Process Output Forwarder - C:\Users\gayat\.cache\selenium\geckodriver\win64\0.36.0\geckodriver.exe" daemon [_thread_in_native, id=49744, stack(0x000000e762300000,0x000000e762400000)]
  0x000002e675e79440 JavaThread "External Process Output Forwarder - C:\Users\gayat\.cache\selenium\geckodriver\win64\0.36.0\geckodriver.exe" daemon [_thread_in_native, id=45236, stack(0x000000e762600000,0x000000e762700000)]
  0x000002e675e79950 JavaThread "External Process Output Forwarder - C:\Users\gayat\.cache\selenium\geckodriver\win64\0.36.0\geckodriver.exe" daemon [_thread_in_native, id=50056, stack(0x000000e762900000,0x000000e762a00000)]
  0x000002e675e78510 JavaThread "External Process Output Forwarder - C:\Users\gayat\.cache\selenium\geckodriver\win64\0.36.0\geckodriver.exe" daemon [_thread_in_native, id=57736, stack(0x000000e762f00000,0x000000e763000000)]
  0x000002e675e7d100 JavaThread "External Process Output Forwarder - C:\Users\gayat\.cache\selenium\geckodriver\win64\0.36.0\geckodriver.exe" daemon [_thread_in_native, id=24936, stack(0x000000e763200000,0x000000e763300000)]
  0x000002e675e7c1d0 JavaThread "External Process Output Forwarder - C:\Users\gayat\.cache\selenium\geckodriver\win64\0.36.0\geckodriver.exe" daemon [_thread_in_native, id=21736, stack(0x000000e763500000,0x000000e763600000)]
  0x000002e675e7cbf0 JavaThread "External Process Output Forwarder - C:\Users\gayat\.cache\selenium\geckodriver\win64\0.36.0\geckodriver.exe" daemon [_thread_in_native, id=55576, stack(0x000000e763800000,0x000000e763900000)]
  0x000002e6749eb620 JavaThread "External Process Output Forwarder - C:\Users\gayat\.cache\selenium\geckodriver\win64\0.36.0\geckodriver.exe" daemon [_thread_in_native, id=10064, stack(0x000000e763e00000,0x000000e763f00000)]
  0x000002e6749ea6f0 JavaThread "External Process Output Forwarder - C:\Users\gayat\.cache\selenium\geckodriver\win64\0.36.0\geckodriver.exe" daemon [_thread_in_native, id=23096, stack(0x000000e764100000,0x000000e764200000)]
  0x000002e6749ef2e0 JavaThread "External Process Output Forwarder - C:\Users\gayat\.cache\selenium\geckodriver\win64\0.36.0\geckodriver.exe" daemon [_thread_in_native, id=32756, stack(0x000000e764f00000,0x000000e765000000)]
  0x000002e672671c10 JavaThread "External Process Output Forwarder - C:\Users\gayat\.cache\selenium\geckodriver\win64\0.36.0\geckodriver.exe" daemon [_thread_in_native, id=50344, stack(0x000000e765200000,0x000000e765300000)]
  0x000002e672674490 JavaThread "CompletableFutureDelayScheduler" daemon [_thread_blocked, id=44556, stack(0x000000e765400000,0x000000e765500000)]
  0x000002e672675de0 JavaThread "External Process Output Forwarder - C:\Users\gayat\.cache\selenium\geckodriver\win64\0.36.0\geckodriver.exe" daemon [_thread_in_native, id=30360, stack(0x000000e765700000,0x000000e765800000)]
  0x000002e672741090 JavaThread "External Process Output Forwarder - C:\Users\gayat\.cache\selenium\geckodriver\win64\0.36.0\geckodriver.exe" daemon [_thread_in_native, id=44296, stack(0x000000e769a00000,0x000000e769b00000)]
  0x000002e672741fc0 JavaThread "External Process Output Forwarder - C:\Users\gayat\.cache\selenium\geckodriver\win64\0.36.0\geckodriver.exe" daemon [_thread_in_native, id=51584, stack(0x000000e769d00000,0x000000e769e00000)]
  0x000002e67273f230 JavaThread "External Process Output Forwarder - C:\Users\gayat\.cache\selenium\geckodriver\win64\0.36.0\geckodriver.exe" daemon [_thread_in_native, id=49772, stack(0x000000e76a000000,0x000000e76a100000)]
  0x000002e67273ed20 JavaThread "External Process Output Forwarder - C:\Users\gayat\.cache\selenium\geckodriver\win64\0.36.0\geckodriver.exe" daemon [_thread_in_native, id=47276, stack(0x000000e76a300000,0x000000e76a400000)]
  0x000002e672740160 JavaThread "External Process Output Forwarder - C:\Users\gayat\.cache\selenium\geckodriver\win64\0.36.0\geckodriver.exe" daemon [_thread_in_native, id=47740, stack(0x000000e76a600000,0x000000e76a700000)]
  0x000002e672745770 JavaThread "External Process Output Forwarder - C:\Users\gayat\.cache\selenium\geckodriver\win64\0.36.0\geckodriver.exe" daemon [_thread_in_native, id=8476, stack(0x000000e76ae00000,0x000000e76af00000)]
  0x000002e672745c80 JavaThread "External Process Output Forwarder - C:\Users\gayat\.cache\selenium\geckodriver\win64\0.36.0\geckodriver.exe" daemon [_thread_in_native, id=16832, stack(0x000000e76b100000,0x000000e76b200000)]
  0x000002e676117390 JavaThread "HttpClient-31-SelectorManager" daemon [_thread_in_native, id=73248, stack(0x000000e764300000,0x000000e764400000)]
  0x000002e676116460 JavaThread "Driver Service Executor" daemon [_thread_blocked, id=2620, stack(0x000000e764500000,0x000000e764600000)]
  0x000002e676116970 JavaThread "Driver Service Executor" daemon [_thread_blocked, id=73676, stack(0x000000e764600000,0x000000e764700000)]
  0x000002e676112cb0 JavaThread "HttpClient-34-SelectorManager" daemon [_thread_in_native, id=53820, stack(0x000000e760000000,0x000000e760100000)]
  0x000002e67610ff20 JavaThread "HttpClient-40-SelectorManager" daemon [_thread_in_native, id=23616, stack(0x000000e760100000,0x000000e760200000)]
  0x000002e676110430 JavaThread "HttpClient-43-SelectorManager" daemon [_thread_in_native, id=44060, stack(0x000000e760500000,0x000000e760600000)]
  0x000002e67610f500 JavaThread "HttpClient-35-SelectorManager" daemon [_thread_in_native, id=57284, stack(0x000000e760800000,0x000000e760900000)]
  0x000002e676110940 JavaThread "HttpClient-36-SelectorManager" daemon [_thread_in_native, id=79688, stack(0x000000e760900000,0x000000e760a00000)]
  0x000002e6761136d0 JavaThread "HttpClient-37-SelectorManager" daemon [_thread_in_native, id=73660, stack(0x000000e760a00000,0x000000e760b00000)]
  0x000002e676110e50 JavaThread "HttpClient-39-SelectorManager" daemon [_thread_in_native, id=66580, stack(0x000000e760e00000,0x000000e760f00000)]
  0x000002e6761140f0 JavaThread "HttpClient-46-SelectorManager" daemon [_thread_in_native, id=48696, stack(0x000000e760f00000,0x000000e761000000)]
  0x000002e676113be0 JavaThread "HttpClient-38-SelectorManager" daemon [_thread_in_native, id=61608, stack(0x000000e761000000,0x000000e761100000)]
  0x000002e676114600 JavaThread "HttpClient-33-SelectorManager" daemon [_thread_in_native, id=80740, stack(0x000000e761200000,0x000000e761300000)]
  0x000002e676114b10 JavaThread "HttpClient-32-SelectorManager" daemon [_thread_in_native, id=74104, stack(0x000000e761300000,0x000000e761400000)]
  0x000002e676111360 JavaThread "HttpClient-47-SelectorManager" daemon [_thread_in_native, id=40168, stack(0x000000e761500000,0x000000e761600000)]
  0x000002e6761178a0 JavaThread "HttpClient-41-SelectorManager" daemon [_thread_in_native, id=71612, stack(0x000000e761800000,0x000000e761900000)]
  0x000002e676115020 JavaThread "HttpClient-42-SelectorManager" daemon [_thread_in_native, id=39212, stack(0x000000e761900000,0x000000e761a00000)]
  0x000002e6761182c0 JavaThread "HttpClient-44-SelectorManager" daemon [_thread_in_native, id=37208, stack(0x000000e761c00000,0x000000e761d00000)]
  0x000002e676115530 JavaThread "HttpClient-49-SelectorManager" daemon [_thread_in_native, id=15180, stack(0x000000e761e00000,0x000000e761f00000)]
  0x000002e676115a40 JavaThread "HttpClient-48-SelectorManager" daemon [_thread_in_native, id=53504, stack(0x000000e762100000,0x000000e762200000)]
  0x000002e676117db0 JavaThread "HttpClient-45-SelectorManager" daemon [_thread_in_native, id=79516, stack(0x000000e762200000,0x000000e762300000)]
  0x000002e67610fa10 JavaThread "Driver Service Executor" daemon [_thread_blocked, id=37144, stack(0x000000e761f00000,0x000000e762000000)]
  0x000002e676111d80 JavaThread "Driver Service Executor" daemon [_thread_blocked, id=62516, stack(0x000000e75f000000,0x000000e75f100000)]
  0x000002e676119700 JavaThread "HttpClient-50-SelectorManager" daemon [_thread_in_native, id=73480, stack(0x000000e75fc00000,0x000000e75fd00000)]
  0x000002e676115f50 JavaThread "HttpClient-51-SelectorManager" daemon [_thread_in_native, id=18156, stack(0x000000e762400000,0x000000e762500000)]
  0x000002e67611ab40 JavaThread "HttpClient-52-SelectorManager" daemon [_thread_in_native, id=42412, stack(0x000000e762500000,0x000000e762600000)]
  0x000002e67611ceb0 JavaThread "HttpClient-53-SelectorManager" daemon [_thread_in_native, id=5568, stack(0x000000e762800000,0x000000e762900000)]
  0x000002e67611b560 JavaThread "Driver Service Executor" daemon [_thread_blocked, id=70956, stack(0x000000e762b00000,0x000000e762c00000)]
  0x000002e67611ba70 JavaThread "HttpClient-54-SelectorManager" daemon [_thread_in_native, id=23072, stack(0x000000e762d00000,0x000000e762e00000)]
  0x000002e67611a120 JavaThread "Driver Service Executor" daemon [_thread_blocked, id=67540, stack(0x000000e762e00000,0x000000e762f00000)]
  0x000002e672672120 JavaThread "HttpClient-55-SelectorManager" daemon [_thread_in_native, id=29280, stack(0x000000e766b00000,0x000000e766c00000)]
  0x000002e6761127a0 JavaThread "HttpClient-66-SelectorManager" daemon [_thread_in_native, id=8112, stack(0x000000e75c000000,0x000000e75c100000)]
  0x000002e6761131c0 JavaThread "HttpClient-60-SelectorManager" daemon [_thread_in_native, id=72320, stack(0x000000e75c100000,0x000000e75c200000)]
  0x000002e676118ce0 JavaThread "HttpClient-67-SelectorManager" daemon [_thread_in_native, id=79156, stack(0x000000e75c900000,0x000000e75ca00000)]
  0x000002e67611c9a0 JavaThread "HttpClient-58-SelectorManager" daemon [_thread_in_native, id=20276, stack(0x000000e75ef00000,0x000000e75f000000)]
  0x000002e67611dde0 JavaThread "HttpClient-65-SelectorManager" daemon [_thread_in_native, id=79136, stack(0x000000e75f200000,0x000000e75f300000)]
  0x000002e67611ed10 JavaThread "HttpClient-59-SelectorManager" daemon [_thread_in_native, id=37848, stack(0x000000e75f800000,0x000000e75f900000)]
  0x000002e67611e800 JavaThread "HttpClient-56-SelectorManager" daemon [_thread_in_native, id=42772, stack(0x000000e75fa00000,0x000000e75fb00000)]
  0x000002e67611d8d0 JavaThread "HttpClient-62-SelectorManager" daemon [_thread_in_native, id=73456, stack(0x000000e75ff00000,0x000000e760000000)]
  0x000002e6727415a0 JavaThread "HttpClient-68-SelectorManager" daemon [_thread_in_native, id=72528, stack(0x000000e762c00000,0x000000e762d00000)]
  0x000002e672742ef0 JavaThread "HttpClient-63-SelectorManager" daemon [_thread_in_native, id=23844, stack(0x000000e763300000,0x000000e763400000)]
  0x000002e6761187d0 JavaThread "Driver Service Executor" daemon [_thread_blocked, id=44772, stack(0x000000e76ad00000,0x000000e76ae00000)]
  0x000002e67611bf80 JavaThread "Driver Service Executor" daemon [_thread_blocked, id=79756, stack(0x000000e76af00000,0x000000e76b000000)]
  0x000002e6749b9280 JavaThread "HttpClient-69-SelectorManager" daemon [_thread_in_native, id=55548, stack(0x000000e763100000,0x000000e763200000)]
  0x000002e6749bcf40 JavaThread "HttpClient-70-SelectorManager" daemon [_thread_in_native, id=55896, stack(0x000000e763700000,0x000000e763800000)]
  0x000002e672746bb0 JavaThread "HttpClient-71-SelectorManager" daemon [_thread_in_native, id=31508, stack(0x000000e766900000,0x000000e766a00000)]
  0x000002e67274c1c0 JavaThread "HttpClient-72-SelectorManager" daemon [_thread_in_native, id=82392, stack(0x000000e761b00000,0x000000e761c00000)]
  0x000002e67274c6d0 JavaThread "HttpClient-73-SelectorManager" daemon [_thread_in_native, id=77332, stack(0x000000e767b00000,0x000000e767c00000)]
  0x000002e6780c6e50 JavaThread "HttpClient-74-SelectorManager" daemon [_thread_in_native, id=79420, stack(0x000000e760300000,0x000000e760400000)]
  0x000002e677bb7320 JavaThread "HttpClient-93-SelectorManager" daemon [_thread_in_native, id=83828, stack(0x000000e764a00000,0x000000e764b00000)]
  0x000002e677bb7830 JavaThread "HttpClient-94-SelectorManager" daemon [_thread_in_native, id=84020, stack(0x000000e764e00000,0x000000e764f00000)]
  0x000002e677bbf1b0 JavaThread "HttpClient-95-SelectorManager" daemon [_thread_in_native, id=83004, stack(0x000000e765000000,0x000000e765100000)]
  0x000002e677bbf6c0 JavaThread "HttpClient-89-SelectorManager" daemon [_thread_in_native, id=27044, stack(0x000000e765100000,0x000000e765200000)]
  0x000002e677bc00e0 JavaThread "HttpClient-96-SelectorManager" daemon [_thread_in_native, id=74812, stack(0x000000e765300000,0x000000e765400000)]
  0x000002e677bbce40 JavaThread "HttpClient-92-SelectorManager" daemon [_thread_in_native, id=33912, stack(0x000000e765500000,0x000000e765600000)]
  0x000002e677bbe280 JavaThread "HttpClient-97-SelectorManager" daemon [_thread_in_native, id=69284, stack(0x000000e765800000,0x000000e765900000)]
  0x000002e677bbd860 JavaThread "External Process Output Forwarder - C:\Users\gayat\.cache\selenium\geckodriver\win64\0.36.0\geckodriver.exe" daemon [_thread_in_native, id=88216, stack(0x000000e765a00000,0x000000e765b00000)]
  0x000002e677bbfbd0 JavaThread "Driver Service Executor" daemon [_thread_blocked, id=88220, stack(0x000000e765b00000,0x000000e765c00000)]
  0x000002e677bc05f0 JavaThread "Driver Service Executor" daemon [_thread_blocked, id=88224, stack(0x000000e765e00000,0x000000e765f00000)]
  0x000002e677bc0b00 JavaThread "External Process Output Forwarder - C:\Users\gayat\.cache\selenium\geckodriver\win64\0.36.0\geckodriver.exe" daemon [_thread_in_native, id=88256, stack(0x000000e765f00000,0x000000e766000000)]
  0x000002e677bbd350 JavaThread "Driver Service Executor" daemon [_thread_blocked, id=88260, stack(0x000000e766000000,0x000000e766100000)]
  0x000002e677bc1010 JavaThread "Driver Service Executor" daemon [_thread_blocked, id=88264, stack(0x000000e766100000,0x000000e766200000)]
  0x000002e677bc1520 JavaThread "External Process Output Forwarder - C:\Users\gayat\.cache\selenium\geckodriver\win64\0.36.0\geckodriver.exe" daemon [_thread_in_native, id=88376, stack(0x000000e766200000,0x000000e766300000)]
  0x000002e677bc1a30 JavaThread "Driver Service Executor" daemon [_thread_blocked, id=88380, stack(0x000000e766300000,0x000000e766400000)]
  0x000002e677ba4d80 JavaThread "Driver Service Executor" daemon [_thread_blocked, id=88384, stack(0x000000e766400000,0x000000e766500000)]
  0x000002e677ba4360 JavaThread "External Process Output Forwarder - C:\Users\gayat\.cache\selenium\geckodriver\win64\0.36.0\geckodriver.exe" daemon [_thread_in_native, id=88408, stack(0x000000e766500000,0x000000e766600000)]
  0x000002e677ba57a0 JavaThread "Driver Service Executor" daemon [_thread_blocked, id=88412, stack(0x000000e766600000,0x000000e766700000)]
  0x000002e677ba5290 JavaThread "Driver Service Executor" daemon [_thread_blocked, id=88416, stack(0x000000e766700000,0x000000e766800000)]
  0x000002e677ba3940 JavaThread "JdkHttpClient-88-0" daemon [_thread_blocked, id=88688, stack(0x000000e766a00000,0x000000e766b00000)]
  0x000002e677ba61c0 JavaThread "External Process Output Forwarder - C:\Users\gayat\.cache\selenium\geckodriver\win64\0.36.0\geckodriver.exe" daemon [_thread_in_native, id=88936, stack(0x000000e768700000,0x000000e768800000)]
  0x000002e677ba66d0 JavaThread "Driver Service Executor" daemon [_thread_blocked, id=88956, stack(0x000000e768c00000,0x000000e768d00000)]
  0x000002e677ba2f20 JavaThread "Driver Service Executor" daemon [_thread_blocked, id=88960, stack(0x000000e768d00000,0x000000e768e00000)]
  0x000002e677ba6be0 JavaThread "JdkHttpClient-90-0" daemon [_thread_blocked, id=89084, stack(0x000000e768e00000,0x000000e768f00000)]
  0x000002e677ba70f0 JavaThread "External Process Output Forwarder - C:\Users\gayat\.cache\selenium\geckodriver\win64\0.36.0\geckodriver.exe" daemon [_thread_in_native, id=49032, stack(0x000000e769000000,0x000000e769100000)]
  0x000002e677baa390 JavaThread "Driver Service Executor" daemon [_thread_blocked, id=69608, stack(0x000000e769100000,0x000000e769200000)]
  0x000002e677ba7600 JavaThread "Driver Service Executor" daemon [_thread_blocked, id=72552, stack(0x000000e769200000,0x000000e769300000)]
  0x000002e677bab2c0 JavaThread "External Process Output Forwarder - C:\Users\gayat\.cache\selenium\geckodriver\win64\0.36.0\geckodriver.exe" daemon [_thread_in_native, id=83384, stack(0x000000e769600000,0x000000e769700000)]
  0x000002e677ba8a40 JavaThread "Driver Service Executor" daemon [_thread_blocked, id=5492, stack(0x000000e769700000,0x000000e769800000)]
  0x000002e677baa8a0 JavaThread "Driver Service Executor" daemon [_thread_blocked, id=83404, stack(0x000000e769800000,0x000000e769900000)]
  0x000002e677ba9e80 JavaThread "Driver Service Executor" daemon [_thread_blocked, id=88480, stack(0x000000e769c00000,0x000000e769d00000)]
  0x000002e677ba7b10 JavaThread "Driver Service Executor" daemon [_thread_blocked, id=88448, stack(0x000000e769e00000,0x000000e769f00000)]
  0x000002e677ba8020 JavaThread "Driver Service Executor" daemon [_thread_blocked, id=79312, stack(0x000000e76a100000,0x000000e76a200000)]
  0x000002e677bac1f0 JavaThread "Driver Service Executor" daemon [_thread_blocked, id=88704, stack(0x000000e76a200000,0x000000e76a300000)]
  0x000002e677bab7d0 JavaThread "HttpClient-98-SelectorManager" daemon [_thread_in_native, id=89480, stack(0x000000e764c00000,0x000000e764d00000)]
  0x000002e677babce0 JavaThread "JdkHttpClient-95-0" daemon [_thread_blocked, id=89824, stack(0x000000e769b00000,0x000000e769c00000)]
  0x000002e677ba9970 JavaThread "JdkHttpClient-92-0" daemon [_thread_blocked, id=89832, stack(0x000000e76a700000,0x000000e76a800000)]
  0x000002e677bb0de0 JavaThread "External Process Output Forwarder - C:\Users\gayat\.cache\selenium\geckodriver\win64\0.36.0\geckodriver.exe" daemon [_thread_in_native, id=89984, stack(0x000000e76b500000,0x000000e76b600000)]
  0x000002e677bb12f0 JavaThread "Driver Service Executor" daemon [_thread_blocked, id=89988, stack(0x000000e76b800000,0x000000e76b900000)]
  0x000002e677bb1800 JavaThread "Driver Service Executor" daemon [_thread_blocked, id=89996, stack(0x000000e76b900000,0x000000e76ba00000)]
  0x000002e677bae050 JavaThread "JdkHttpClient-97-0" daemon [_thread_blocked, id=27124, stack(0x000000e76ba00000,0x000000e76bb00000)]
  0x000002e6749b4690 JavaThread "External Process Output Forwarder - C:\Users\gayat\.cache\selenium\geckodriver\win64\0.36.0\geckodriver.exe" daemon [_thread_in_native, id=70012, stack(0x000000e763a00000,0x000000e763b00000)]
  0x000002e6749af590 JavaThread "HttpClient-100-SelectorManager" daemon [_thread_in_native, id=74424, stack(0x000000e767000000,0x000000e767100000)]
  0x000002e6749b6f10 JavaThread "External Process Output Forwarder - C:\Users\gayat\.cache\selenium\geckodriver\win64\0.36.0\geckodriver.exe" daemon [_thread_in_native, id=79208, stack(0x000000e767600000,0x000000e767700000)]
  0x000002e6749b04c0 JavaThread "HttpClient-102-SelectorManager" daemon [_thread_in_native, id=60612, stack(0x000000e768200000,0x000000e768300000)]
  0x000002e6749b8350 JavaThread "External Process Output Forwarder - C:\Users\gayat\.cache\selenium\geckodriver\win64\0.36.0\geckodriver.exe" daemon [_thread_in_native, id=85252, stack(0x000000e768300000,0x000000e768400000)]
  0x000002e6749b9790 JavaThread "External Process Output Forwarder - C:\Users\gayat\.cache\selenium\geckodriver\win64\0.36.0\geckodriver.exe" daemon [_thread_in_native, id=35232, stack(0x000000e76c400000,0x000000e76c500000)]
  0x000002e6749b4180 JavaThread "HttpClient-103-SelectorManager" daemon [_thread_in_native, id=73024, stack(0x000000e76c000000,0x000000e76c100000)]
  0x000002e6749babd0 JavaThread "External Process Output Forwarder - C:\Users\gayat\.cache\selenium\geckodriver\win64\0.36.0\geckodriver.exe" daemon [_thread_in_native, id=82236, stack(0x000000e76c700000,0x000000e76c800000)]
  0x000002e6749b2d40 JavaThread "HttpClient-106-SelectorManager" daemon [_thread_in_native, id=45060, stack(0x000000e767a00000,0x000000e767b00000)]
  0x000002e6749b6a00 JavaThread "External Process Output Forwarder - C:\Users\gayat\.cache\selenium\geckodriver\win64\0.36.0\geckodriver.exe" daemon [_thread_in_native, id=76460, stack(0x000000e76c200000,0x000000e76c300000)]
  0x000002e6749b8d70 JavaThread "External Process Output Forwarder - C:\Users\gayat\.cache\selenium\geckodriver\win64\0.36.0\geckodriver.exe" daemon [_thread_in_native, id=38428, stack(0x000000e76cc00000,0x000000e76cd00000)]
  0x000002e6749be380 JavaThread "External Process Output Forwarder - C:\Users\gayat\.cache\selenium\geckodriver\win64\0.36.0\geckodriver.exe" daemon [_thread_in_native, id=69692, stack(0x000000e76cf00000,0x000000e76d000000)]
  0x000002e672c0c2e0 JavaThread "HttpClient-105-SelectorManager" daemon [_thread_in_native, id=85440, stack(0x000000e76d200000,0x000000e76d300000)]
  0x000002e672c0c7f0 JavaThread "HttpClient-109-SelectorManager" daemon [_thread_in_native, id=12580, stack(0x000000e761600000,0x000000e761700000)]
  0x000002e672c0d210 JavaThread "HttpClient-110-SelectorManager" daemon [_thread_in_native, id=33096, stack(0x000000e767100000,0x000000e767200000)]
  0x000002e672c0bdd0 JavaThread "External Process Output Forwarder - C:\Users\gayat\.cache\selenium\geckodriver\win64\0.36.0\geckodriver.exe" daemon [_thread_in_native, id=74356, stack(0x000000e76d300000,0x000000e76d400000)]
  0x000002e672c0eb60 JavaThread "External Process Output Forwarder - C:\Users\gayat\.cache\selenium\geckodriver\win64\0.36.0\geckodriver.exe" daemon [_thread_in_native, id=87188, stack(0x000000e76d600000,0x000000e76d700000)]
  0x000002e672c0f580 JavaThread "External Process Output Forwarder - C:\Users\gayat\.cache\selenium\geckodriver\win64\0.36.0\geckodriver.exe" daemon [_thread_in_native, id=87120, stack(0x000000e76db00000,0x000000e76dc00000)]
  0x000002e672c13c60 JavaThread "External Process Output Forwarder - C:\Users\gayat\.cache\selenium\geckodriver\win64\0.36.0\geckodriver.exe" daemon [_thread_in_native, id=4500, stack(0x000000e76de00000,0x000000e76df00000)]
  0x000002e672c12820 JavaThread "External Process Output Forwarder - C:\Users\gayat\.cache\selenium\geckodriver\win64\0.36.0\geckodriver.exe" daemon [_thread_in_native, id=78428, stack(0x000000e76e100000,0x000000e76e200000)]
  0x000002e672c14170 JavaThread "External Process Output Forwarder - C:\Users\gayat\.cache\selenium\geckodriver\win64\0.36.0\geckodriver.exe" daemon [_thread_in_native, id=23316, stack(0x000000e76e400000,0x000000e76e500000)]
  0x000002e672c13240 JavaThread "External Process Output Forwarder - C:\Users\gayat\.cache\selenium\geckodriver\win64\0.36.0\geckodriver.exe" daemon [_thread_in_native, id=62384, stack(0x000000e76e700000,0x000000e76e800000)]
  0x000002e67273f740 JavaThread "HttpClient-114-SelectorManager" daemon [_thread_in_native, id=80656, stack(0x000000e76f300000,0x000000e76f400000)]
  0x000002e672743400 JavaThread "External Process Output Forwarder - C:\Users\gayat\.cache\selenium\geckodriver\win64\0.36.0\geckodriver.exe" daemon [_thread_in_native, id=72992, stack(0x000000e76f400000,0x000000e76f500000)]
  0x000002e67274bcb0 JavaThread "HttpClient-115-SelectorManager" daemon [_thread_in_native, id=80788, stack(0x000000e770e00000,0x000000e770f00000)]
  0x000002e6749ec550 JavaThread "External Process Output Forwarder - C:\Users\gayat\.cache\selenium\geckodriver\win64\0.36.0\geckodriver.exe" daemon [_thread_in_native, id=72244, stack(0x000000e771b00000,0x000000e771c00000)]
  0x000002e6726758d0 JavaThread "External Process Output Forwarder - C:\Users\gayat\.cache\selenium\geckodriver\win64\0.36.0\geckodriver.exe" daemon [_thread_in_native, id=87092, stack(0x000000e773100000,0x000000e773200000)]
  0x000002e672677730 JavaThread "External Process Output Forwarder - C:\Users\gayat\.cache\selenium\geckodriver\win64\0.36.0\geckodriver.exe" daemon [_thread_in_native, id=86560, stack(0x000000e773400000,0x000000e773500000)]
  0x000002e672678660 JavaThread "External Process Output Forwarder - C:\Users\gayat\.cache\selenium\geckodriver\win64\0.36.0\geckodriver.exe" daemon [_thread_in_native, id=79812, stack(0x000000e767900000,0x000000e767a00000)]
  0x000002e675e7ad90 JavaThread "HttpClient-119-SelectorManager" daemon [_thread_in_native, id=72560, stack(0x000000e773900000,0x000000e773a00000)]
  0x000002e675e78000 JavaThread "External Process Output Forwarder - C:\Users\gayat\.cache\selenium\geckodriver\win64\0.36.0\geckodriver.exe" daemon [_thread_in_native, id=50160, stack(0x000000e773a00000,0x000000e773b00000)]
  0x000002e677c78e90 JavaThread "External Process Output Forwarder - C:\Users\gayat\.cache\selenium\geckodriver\win64\0.36.0\geckodriver.exe" daemon [_thread_in_native, id=89124, stack(0x000000e774a00000,0x000000e774b00000)]
  0x000002e677c7d570 JavaThread "JdkHttpClient-95-3" daemon [_thread_blocked, id=68816, stack(0x000000e75f600000,0x000000e75f700000)]
  0x000002e677c7c640 JavaThread "JdkHttpClient-92-3" daemon [_thread_blocked, id=80668, stack(0x000000e75f900000,0x000000e75fa00000)]
  0x000002e677c7c130 JavaThread "JdkHttpClient-90-3" daemon [_thread_blocked, id=88720, stack(0x000000e760600000,0x000000e760700000)]
  0x000002e677c7da80 JavaThread "JdkHttpClient-97-3" daemon [_thread_blocked, id=76784, stack(0x000000e760b00000,0x000000e760c00000)]
  0x000002e677bb8250 JavaThread "JdkHttpClient-97-4" daemon [_thread_blocked, id=95028, stack(0x000000e763000000,0x000000e763100000)]
  0x000002e677bb63f0 JavaThread "JdkHttpClient-90-4" daemon [_thread_blocked, id=95056, stack(0x000000e763600000,0x000000e763700000)]
  0x000002e677bb6e10 JavaThread "JdkHttpClient-95-4" daemon [_thread_blocked, id=95068, stack(0x000000e763b00000,0x000000e763c00000)]
  0x000002e677ba2500 JavaThread "JdkHttpClient-88-4" daemon [_thread_blocked, id=98056, stack(0x000000e763f00000,0x000000e764000000)]
  0x000002e677ba5cb0 JavaThread "JdkHttpClient-88-5" daemon [_thread_blocked, id=98180, stack(0x000000e764000000,0x000000e764100000)]
  0x000002e677ba1ff0 JavaThread "JdkHttpClient-92-5" daemon [_thread_blocked, id=18652, stack(0x000000e75f100000,0x000000e75f200000)]
  0x000002e677ba4870 JavaThread "JdkHttpClient-93-5" daemon [_thread_blocked, id=85976, stack(0x000000e75f400000,0x000000e75f500000)]
  0x000002e677ba2a10 JavaThread "JdkHttpClient-93-6" daemon [_thread_blocked, id=74244, stack(0x000000e75fb00000,0x000000e75fc00000)]
  0x000002e677ba3430 JavaThread "JdkHttpClient-93-7" daemon [_thread_blocked, id=105104, stack(0x000000e75fd00000,0x000000e75fe00000)]
  0x000002e677ba3e50 JavaThread "JdkHttpClient-94-5" daemon [_thread_blocked, id=106040, stack(0x000000e762000000,0x000000e762100000)]
  0x000002e677ba8f50 JavaThread "JdkHttpClient-94-6" daemon [_thread_blocked, id=27892, stack(0x000000e762700000,0x000000e762800000)]
  0x000002e677baadb0 JavaThread "JdkHttpClient-94-7" daemon [_thread_blocked, id=106528, stack(0x000000e762a00000,0x000000e762b00000)]

Other Threads:
  0x000002e62bdfa100 VMThread "VM Thread" [stack: 0x000000e75b100000,0x000000e75b200000] [id=14612]
  0x000002e6074696f0 WatcherThread [stack: 0x000000e75bf00000,0x000000e75c000000] [id=32232]
  0x000002e6098a93b0 GCTaskThread "GC Thread#0" [stack: 0x000000e75ac00000,0x000000e75ad00000] [id=25216]
  0x000002e672f32240 GCTaskThread "GC Thread#1" [stack: 0x000000e75c200000,0x000000e75c300000] [id=48184]
  0x000002e6731cea40 GCTaskThread "GC Thread#2" [stack: 0x000000e75c300000,0x000000e75c400000] [id=42176]
  0x000002e6734e4aa0 GCTaskThread "GC Thread#3" [stack: 0x000000e75c400000,0x000000e75c500000] [id=34240]
  0x000002e67319eeb0 GCTaskThread "GC Thread#4" [stack: 0x000000e75c500000,0x000000e75c600000] [id=38816]
  0x000002e672fa8280 GCTaskThread "GC Thread#5" [stack: 0x000000e75c600000,0x000000e75c700000] [id=51024]
  0x000002e672fa7fc0 GCTaskThread "GC Thread#6" [stack: 0x000000e75c700000,0x000000e75c800000] [id=32740]
  0x000002e672fa8540 GCTaskThread "GC Thread#7" [stack: 0x000000e75c800000,0x000000e75c900000] [id=28020]
  0x000002e672fa8d80 GCTaskThread "GC Thread#8" [stack: 0x000000e75cd00000,0x000000e75ce00000] [id=19660]
  0x000002e672fa9880 GCTaskThread "GC Thread#9" [stack: 0x000000e75ce00000,0x000000e75cf00000] [id=48008]
  0x000002e6098b9c20 ConcurrentGCThread "G1 Main Marker" [stack: 0x000000e75ad00000,0x000000e75ae00000] [id=51128]
  0x000002e6098bb550 ConcurrentGCThread "G1 Conc#0" [stack: 0x000000e75ae00000,0x000000e75af00000] [id=23412]
  0x000002e673d07210 ConcurrentGCThread "G1 Conc#1" [stack: 0x000000e75cf00000,0x000000e75d000000] [id=52412]
  0x000002e673d03590 ConcurrentGCThread "G1 Conc#2" [stack: 0x000000e75d000000,0x000000e75d100000] [id=8704]
  0x000002e62bd2e660 ConcurrentGCThread "G1 Refine#0" [stack: 0x000000e75af00000,0x000000e75b000000] [id=45336]
  0x000002e62bd2ee40 ConcurrentGCThread "G1 Service" [stack: 0x000000e75b000000,0x000000e75b100000] [id=27644]

Threads with active compile tasks:
C2 CompilerThread0  9012238 9887   !   4       io.qameta.allure.internal.shadowed.jackson.databind.ser.impl.IndexedListSerializer::serializeContents (188 bytes)

VM state: not at safepoint (normal execution)

VM Mutex/Monitor currently owned by a thread: None

Heap address: 0x0000000704e00000, size: 4018 MB, Compressed Oops mode: Zero based, Oop shift amount: 3

CDS archive(s) mapped at: [0x000002e62d000000-0x000002e62dbd0000-0x000002e62dbd0000), size 12386304, SharedBaseAddress: 0x000002e62d000000, ArchiveRelocationMode: 1.
Compressed class space mapped at: 0x000002e62e000000-0x000002e66e000000, reserved size: 1073741824
Narrow klass base: 0x000002e62d000000, Narrow klass shift: 0, Narrow klass range: 0x100000000

GC Precious Log:
 CPUs: 12 total, 12 available
 Memory: 16068M
 Large Page Support: Disabled
 NUMA Support: Disabled
 Compressed Oops: Enabled (Zero based)
 Heap Region Size: 2M
 Heap Min Capacity: 8M
 Heap Initial Capacity: 252M
 Heap Max Capacity: 4018M
 Pre-touch: Disabled
 Parallel Workers: 10
 Concurrent Workers: 3
 Concurrent Refinement Workers: 10
 Periodic GC: Disabled

Heap:
 garbage-first heap   total 710656K, used 98399K [0x0000000704e00000, 0x0000000800000000)
  region size 2048K, 6 young (12288K), 2 survivors (4096K)
 Metaspace       used 53453K, committed 54528K, reserved 1114112K
  class space    used 7945K, committed 8448K, reserved 1048576K

Heap Regions: E=young(eden), S=young(survivor), O=old, HS=humongous(starts), HC=humongous(continues), CS=collection set, F=free, OA=open archive, CA=closed archive, TAMS=top-at-mark-start (previous, next)
|   0|0x0000000704e00000, 0x0000000705000000, 0x0000000705000000|100%| O|  |TAMS 0x0000000705000000, 0x0000000704e00000| Untracked 
|   1|0x0000000705000000, 0x0000000705200000, 0x0000000705200000|100%| O|  |TAMS 0x0000000705200000, 0x0000000705000000| Untracked 
|   2|0x0000000705200000, 0x0000000705400000, 0x0000000705400000|100%| O|  |TAMS 0x0000000705400000, 0x0000000705200000| Untracked 
|   3|0x0000000705400000, 0x0000000705600000, 0x0000000705600000|100%| O|  |TAMS 0x0000000705600000, 0x0000000705400000| Untracked 
|   4|0x0000000705600000, 0x0000000705800000, 0x0000000705800000|100%| O|  |TAMS 0x0000000705800000, 0x0000000705600000| Untracked 
|   5|0x0000000705800000, 0x0000000705a00000, 0x0000000705a00000|100%| O|  |TAMS 0x0000000705a00000, 0x0000000705800000| Untracked 
|   6|0x0000000705a00000, 0x0000000705c00000, 0x0000000705c00000|100%| O|  |TAMS 0x0000000705c00000, 0x0000000705a00000| Untracked 
|   7|0x0000000705c00000, 0x0000000705e00000, 0x0000000705e00000|100%| O|  |TAMS 0x0000000705e00000, 0x0000000705c00000| Untracked 
|   8|0x0000000705e00000, 0x0000000706000000, 0x0000000706000000|100%| O|  |TAMS 0x0000000706000000, 0x0000000705e00000| Untracked 
|   9|0x0000000706000000, 0x0000000706200000, 0x0000000706200000|100%| O|  |TAMS 0x0000000706000000, 0x0000000706000000| Untracked 
|  10|0x0000000706200000, 0x0000000706400000, 0x0000000706400000|100%| O|  |TAMS 0x0000000706200000, 0x0000000706200000| Untracked 
|  11|0x0000000706400000, 0x0000000706600000, 0x0000000706600000|100%| O|  |TAMS 0x0000000706400000, 0x0000000706400000| Untracked 
|  12|0x0000000706600000, 0x0000000706800000, 0x0000000706800000|100%| O|  |TAMS 0x0000000706600000, 0x0000000706600000| Untracked 
|  13|0x0000000706800000, 0x0000000706a00000, 0x0000000706a00000|100%| O|  |TAMS 0x0000000706800000, 0x0000000706800000| Untracked 
|  14|0x0000000706a00000, 0x0000000706c00000, 0x0000000706c00000|100%| O|  |TAMS 0x0000000706a00000, 0x0000000706a00000| Untracked 
|  15|0x0000000706c00000, 0x0000000706e00000, 0x0000000706e00000|100%| O|  |TAMS 0x0000000706c00000, 0x0000000706c00000| Untracked 
|  16|0x0000000706e00000, 0x0000000707000000, 0x0000000707000000|100%| O|  |TAMS 0x0000000706e00000, 0x0000000706e00000| Untracked 
|  17|0x0000000707000000, 0x0000000707200000, 0x0000000707200000|100%| O|  |TAMS 0x0000000707000000, 0x0000000707000000| Untracked 
|  18|0x0000000707200000, 0x0000000707400000, 0x0000000707400000|100%| O|  |TAMS 0x0000000707200000, 0x0000000707200000| Untracked 
|  19|0x0000000707400000, 0x0000000707600000, 0x0000000707600000|100%| O|  |TAMS 0x0000000707400000, 0x0000000707400000| Untracked 
|  20|0x0000000707600000, 0x0000000707800000, 0x0000000707800000|100%| O|  |TAMS 0x0000000707600000, 0x0000000707600000| Untracked 
|  21|0x0000000707800000, 0x0000000707a00000, 0x0000000707a00000|100%| O|  |TAMS 0x0000000707800000, 0x0000000707800000| Untracked 
|  22|0x0000000707a00000, 0x0000000707c00000, 0x0000000707c00000|100%| O|  |TAMS 0x0000000707a00000, 0x0000000707a00000| Untracked 
|  23|0x0000000707c00000, 0x0000000707e00000, 0x0000000707e00000|100%| O|  |TAMS 0x0000000707c00000, 0x0000000707c00000| Untracked 
|  24|0x0000000707e00000, 0x0000000708000000, 0x0000000708000000|100%| O|  |TAMS 0x0000000707e00000, 0x0000000707e00000| Untracked 
|  25|0x0000000708000000, 0x0000000708200000, 0x0000000708200000|100%| O|  |TAMS 0x0000000708000000, 0x0000000708000000| Untracked 
|  26|0x0000000708200000, 0x0000000708400000, 0x0000000708400000|100%| O|  |TAMS 0x0000000708200000, 0x0000000708200000| Untracked 
|  27|0x0000000708400000, 0x0000000708600000, 0x0000000708600000|100%| O|  |TAMS 0x0000000708400000, 0x0000000708400000| Untracked 
|  28|0x0000000708600000, 0x0000000708800000, 0x0000000708800000|100%| O|  |TAMS 0x0000000708600000, 0x0000000708600000| Untracked 
|  29|0x0000000708800000, 0x0000000708a00000, 0x0000000708a00000|100%| O|  |TAMS 0x0000000708800000, 0x0000000708800000| Untracked 
|  30|0x0000000708a00000, 0x0000000708c00000, 0x0000000708c00000|100%| O|  |TAMS 0x0000000708a00000, 0x0000000708a00000| Untracked 
|  31|0x0000000708c00000, 0x0000000708e00000, 0x0000000708e00000|100%| O|  |TAMS 0x0000000708c00000, 0x0000000708c00000| Untracked 
|  32|0x0000000708e00000, 0x0000000709000000, 0x0000000709000000|100%| O|  |TAMS 0x0000000708e00000, 0x0000000708e00000| Untracked 
|  33|0x0000000709000000, 0x0000000709200000, 0x0000000709200000|100%| O|  |TAMS 0x0000000709000000, 0x0000000709000000| Untracked 
|  34|0x0000000709200000, 0x0000000709400000, 0x0000000709400000|100%| O|  |TAMS 0x0000000709200000, 0x0000000709200000| Untracked 
|  35|0x0000000709400000, 0x0000000709600000, 0x0000000709600000|100%| O|  |TAMS 0x0000000709400000, 0x0000000709400000| Untracked 
|  36|0x0000000709600000, 0x0000000709800000, 0x0000000709800000|100%| O|  |TAMS 0x0000000709600000, 0x0000000709600000| Untracked 
|  37|0x0000000709800000, 0x0000000709a00000, 0x0000000709a00000|100%| O|  |TAMS 0x0000000709800000, 0x0000000709800000| Untracked 
|  38|0x0000000709a00000, 0x0000000709c00000, 0x0000000709c00000|100%| O|  |TAMS 0x0000000709a00000, 0x0000000709a00000| Untracked 
|  39|0x0000000709c00000, 0x0000000709e00000, 0x0000000709e00000|100%| O|  |TAMS 0x0000000709c00000, 0x0000000709c00000| Untracked 
|  40|0x0000000709e00000, 0x000000070a000000, 0x000000070a000000|100%| O|  |TAMS 0x0000000709e00000, 0x0000000709e00000| Untracked 
|  41|0x000000070a000000, 0x000000070a200000, 0x000000070a200000|100%| O|  |TAMS 0x000000070a000000, 0x000000070a000000| Untracked 
|  42|0x000000070a200000, 0x000000070a400000, 0x000000070a400000|100%| O|  |TAMS 0x000000070a200000, 0x000000070a200000| Untracked 
|  43|0x000000070a400000, 0x000000070a600000, 0x000000070a600000|100%| O|  |TAMS 0x000000070a400000, 0x000000070a400000| Untracked 
|  44|0x000000070a600000, 0x000000070a6e0000, 0x000000070a800000| 43%| O|  |TAMS 0x000000070a600000, 0x000000070a600000| Untracked 
|  45|0x000000070a800000, 0x000000070a800000, 0x000000070aa00000|  0%| F|  |TAMS 0x000000070a800000, 0x000000070a800000| Untracked 
|  46|0x000000070aa00000, 0x000000070aa00000, 0x000000070ac00000|  0%| F|  |TAMS 0x000000070aa00000, 0x000000070aa00000| Untracked 
|  47|0x000000070ac00000, 0x000000070ac00000, 0x000000070ae00000|  0%| F|  |TAMS 0x000000070ac00000, 0x000000070ac00000| Untracked 
|  48|0x000000070ae00000, 0x000000070ae00000, 0x000000070b000000|  0%| F|  |TAMS 0x000000070ae00000, 0x000000070ae00000| Untracked 
|  49|0x000000070b000000, 0x000000070b000000, 0x000000070b200000|  0%| F|  |TAMS 0x000000070b000000, 0x000000070b000000| Untracked 
|  50|0x000000070b200000, 0x000000070b200000, 0x000000070b400000|  0%| F|  |TAMS 0x000000070b200000, 0x000000070b200000| Untracked 
|  51|0x000000070b400000, 0x000000070b400000, 0x000000070b600000|  0%| F|  |TAMS 0x000000070b400000, 0x000000070b400000| Untracked 
|  52|0x000000070b600000, 0x000000070b600000, 0x000000070b800000|  0%| F|  |TAMS 0x000000070b600000, 0x000000070b600000| Untracked 
|  53|0x000000070b800000, 0x000000070b800000, 0x000000070ba00000|  0%| F|  |TAMS 0x000000070b800000, 0x000000070b800000| Untracked 
|  54|0x000000070ba00000, 0x000000070ba00000, 0x000000070bc00000|  0%| F|  |TAMS 0x000000070ba00000, 0x000000070ba00000| Untracked 
|  55|0x000000070bc00000, 0x000000070bc00000, 0x000000070be00000|  0%| F|  |TAMS 0x000000070bc00000, 0x000000070bc00000| Untracked 
|  56|0x000000070be00000, 0x000000070be00000, 0x000000070c000000|  0%| F|  |TAMS 0x000000070be00000, 0x000000070be00000| Untracked 
|  57|0x000000070c000000, 0x000000070c000000, 0x000000070c200000|  0%| F|  |TAMS 0x000000070c000000, 0x000000070c000000| Untracked 
|  58|0x000000070c200000, 0x000000070c200000, 0x000000070c400000|  0%| F|  |TAMS 0x000000070c200000, 0x000000070c200000| Untracked 
|  59|0x000000070c400000, 0x000000070c400000, 0x000000070c600000|  0%| F|  |TAMS 0x000000070c400000, 0x000000070c400000| Untracked 
|  60|0x000000070c600000, 0x000000070c600000, 0x000000070c800000|  0%| F|  |TAMS 0x000000070c600000, 0x000000070c600000| Untracked 
|  61|0x000000070c800000, 0x000000070c800000, 0x000000070ca00000|  0%| F|  |TAMS 0x000000070c800000, 0x000000070c800000| Untracked 
|  62|0x000000070ca00000, 0x000000070ca00000, 0x000000070cc00000|  0%| F|  |TAMS 0x000000070ca00000, 0x000000070ca00000| Untracked 
|  63|0x000000070cc00000, 0x000000070cc00000, 0x000000070ce00000|  0%| F|  |TAMS 0x000000070cc00000, 0x000000070cc00000| Untracked 
|  64|0x000000070ce00000, 0x000000070ce00000, 0x000000070d000000|  0%| F|  |TAMS 0x000000070ce00000, 0x000000070ce00000| Untracked 
|  65|0x000000070d000000, 0x000000070d000000, 0x000000070d200000|  0%| F|  |TAMS 0x000000070d000000, 0x000000070d000000| Untracked 
|  66|0x000000070d200000, 0x000000070d200000, 0x000000070d400000|  0%| F|  |TAMS 0x000000070d200000, 0x000000070d200000| Untracked 
|  67|0x000000070d400000, 0x000000070d400000, 0x000000070d600000|  0%| F|  |TAMS 0x000000070d400000, 0x000000070d400000| Untracked 
|  68|0x000000070d600000, 0x000000070d600000, 0x000000070d800000|  0%| F|  |TAMS 0x000000070d600000, 0x000000070d600000| Untracked 
|  69|0x000000070d800000, 0x000000070d800000, 0x000000070da00000|  0%| F|  |TAMS 0x000000070d800000, 0x000000070d800000| Untracked 
|  70|0x000000070da00000, 0x000000070da00000, 0x000000070dc00000|  0%| F|  |TAMS 0x000000070da00000, 0x000000070da00000| Untracked 
|  71|0x000000070dc00000, 0x000000070dc00000, 0x000000070de00000|  0%| F|  |TAMS 0x000000070dc00000, 0x000000070dc00000| Untracked 
|  72|0x000000070de00000, 0x000000070de00000, 0x000000070e000000|  0%| F|  |TAMS 0x000000070de00000, 0x000000070de00000| Untracked 
|  73|0x000000070e000000, 0x000000070e000000, 0x000000070e200000|  0%| F|  |TAMS 0x000000070e000000, 0x000000070e000000| Untracked 
|  74|0x000000070e200000, 0x000000070e200000, 0x000000070e400000|  0%| F|  |TAMS 0x000000070e200000, 0x000000070e200000| Untracked 
|  75|0x000000070e400000, 0x000000070e400000, 0x000000070e600000|  0%| F|  |TAMS 0x000000070e400000, 0x000000070e400000| Untracked 
|  76|0x000000070e600000, 0x000000070e600000, 0x000000070e800000|  0%| F|  |TAMS 0x000000070e600000, 0x000000070e600000| Untracked 
|  77|0x000000070e800000, 0x000000070e800000, 0x000000070ea00000|  0%| F|  |TAMS 0x000000070e800000, 0x000000070e800000| Untracked 
|  78|0x000000070ea00000, 0x000000070ea00000, 0x000000070ec00000|  0%| F|  |TAMS 0x000000070ea00000, 0x000000070ea00000| Untracked 
|  79|0x000000070ec00000, 0x000000070ec00000, 0x000000070ee00000|  0%| F|  |TAMS 0x000000070ec00000, 0x000000070ec00000| Untracked 
|  80|0x000000070ee00000, 0x000000070ee00000, 0x000000070f000000|  0%| F|  |TAMS 0x000000070ee00000, 0x000000070ee00000| Untracked 
|  81|0x000000070f000000, 0x000000070f000000, 0x000000070f200000|  0%| F|  |TAMS 0x000000070f000000, 0x000000070f000000| Untracked 
|  82|0x000000070f200000, 0x000000070f200000, 0x000000070f400000|  0%| F|  |TAMS 0x000000070f200000, 0x000000070f200000| Untracked 
|  83|0x000000070f400000, 0x000000070f400000, 0x000000070f600000|  0%| F|  |TAMS 0x000000070f400000, 0x000000070f400000| Untracked 
|  84|0x000000070f600000, 0x000000070f600000, 0x000000070f800000|  0%| F|  |TAMS 0x000000070f600000, 0x000000070f600000| Untracked 
|  85|0x000000070f800000, 0x000000070f800000, 0x000000070fa00000|  0%| F|  |TAMS 0x000000070f800000, 0x000000070f800000| Untracked 
|  86|0x000000070fa00000, 0x000000070fa00000, 0x000000070fc00000|  0%| F|  |TAMS 0x000000070fa00000, 0x000000070fa00000| Untracked 
|  87|0x000000070fc00000, 0x000000070fc00000, 0x000000070fe00000|  0%| F|  |TAMS 0x000000070fc00000, 0x000000070fc00000| Untracked 
|  88|0x000000070fe00000, 0x000000070fe00000, 0x0000000710000000|  0%| F|  |TAMS 0x000000070fe00000, 0x000000070fe00000| Untracked 
|  89|0x0000000710000000, 0x0000000710000000, 0x0000000710200000|  0%| F|  |TAMS 0x0000000710000000, 0x0000000710000000| Untracked 
|  90|0x0000000710200000, 0x0000000710200000, 0x0000000710400000|  0%| F|  |TAMS 0x0000000710200000, 0x0000000710200000| Untracked 
|  91|0x0000000710400000, 0x0000000710400000, 0x0000000710600000|  0%| F|  |TAMS 0x0000000710400000, 0x0000000710400000| Untracked 
|  92|0x0000000710600000, 0x0000000710600000, 0x0000000710800000|  0%| F|  |TAMS 0x0000000710600000, 0x0000000710600000| Untracked 
|  93|0x0000000710800000, 0x0000000710800000, 0x0000000710a00000|  0%| F|  |TAMS 0x0000000710800000, 0x0000000710800000| Untracked 
|  94|0x0000000710a00000, 0x0000000710a00000, 0x0000000710c00000|  0%| F|  |TAMS 0x0000000710a00000, 0x0000000710a00000| Untracked 
|  95|0x0000000710c00000, 0x0000000710c00000, 0x0000000710e00000|  0%| F|  |TAMS 0x0000000710c00000, 0x0000000710c00000| Untracked 
|  96|0x0000000710e00000, 0x0000000710e00000, 0x0000000711000000|  0%| F|  |TAMS 0x0000000710e00000, 0x0000000710e00000| Untracked 
|  97|0x0000000711000000, 0x0000000711000000, 0x0000000711200000|  0%| F|  |TAMS 0x0000000711000000, 0x0000000711000000| Untracked 
|  98|0x0000000711200000, 0x0000000711200000, 0x0000000711400000|  0%| F|  |TAMS 0x0000000711200000, 0x0000000711200000| Untracked 
|  99|0x0000000711400000, 0x0000000711400000, 0x0000000711600000|  0%| F|  |TAMS 0x0000000711400000, 0x0000000711400000| Untracked 
| 100|0x0000000711600000, 0x0000000711600000, 0x0000000711800000|  0%| F|  |TAMS 0x0000000711600000, 0x0000000711600000| Untracked 
| 101|0x0000000711800000, 0x0000000711800000, 0x0000000711a00000|  0%| F|  |TAMS 0x0000000711800000, 0x0000000711800000| Untracked 
| 102|0x0000000711a00000, 0x0000000711a00000, 0x0000000711c00000|  0%| F|  |TAMS 0x0000000711a00000, 0x0000000711a00000| Untracked 
| 103|0x0000000711c00000, 0x0000000711c00000, 0x0000000711e00000|  0%| F|  |TAMS 0x0000000711c00000, 0x0000000711c00000| Untracked 
| 104|0x0000000711e00000, 0x0000000711e00000, 0x0000000712000000|  0%| F|  |TAMS 0x0000000711e00000, 0x0000000711e00000| Untracked 
| 105|0x0000000712000000, 0x0000000712000000, 0x0000000712200000|  0%| F|  |TAMS 0x0000000712000000, 0x0000000712000000| Untracked 
| 106|0x0000000712200000, 0x0000000712200000, 0x0000000712400000|  0%| F|  |TAMS 0x0000000712200000, 0x0000000712200000| Untracked 
| 107|0x0000000712400000, 0x0000000712400000, 0x0000000712600000|  0%| F|  |TAMS 0x0000000712400000, 0x0000000712400000| Untracked 
| 108|0x0000000712600000, 0x0000000712600000, 0x0000000712800000|  0%| F|  |TAMS 0x0000000712600000, 0x0000000712600000| Untracked 
| 109|0x0000000712800000, 0x0000000712800000, 0x0000000712a00000|  0%| F|  |TAMS 0x0000000712800000, 0x0000000712800000| Untracked 
| 110|0x0000000712a00000, 0x0000000712a00000, 0x0000000712c00000|  0%| F|  |TAMS 0x0000000712a00000, 0x0000000712a00000| Untracked 
| 111|0x0000000712c00000, 0x0000000712c00000, 0x0000000712e00000|  0%| F|  |TAMS 0x0000000712c00000, 0x0000000712c00000| Untracked 
| 112|0x0000000712e00000, 0x0000000712e00000, 0x0000000713000000|  0%| F|  |TAMS 0x0000000712e00000, 0x0000000712e00000| Untracked 
| 113|0x0000000713000000, 0x0000000713000000, 0x0000000713200000|  0%| F|  |TAMS 0x0000000713000000, 0x0000000713000000| Untracked 
| 114|0x0000000713200000, 0x0000000713200000, 0x0000000713400000|  0%| F|  |TAMS 0x0000000713200000, 0x0000000713200000| Untracked 
| 115|0x0000000713400000, 0x0000000713400000, 0x0000000713600000|  0%| F|  |TAMS 0x0000000713400000, 0x0000000713400000| Untracked 
| 116|0x0000000713600000, 0x0000000713600000, 0x0000000713800000|  0%| F|  |TAMS 0x0000000713600000, 0x0000000713600000| Untracked 
| 117|0x0000000713800000, 0x0000000713800000, 0x0000000713a00000|  0%| F|  |TAMS 0x0000000713800000, 0x0000000713800000| Untracked 
| 118|0x0000000713a00000, 0x0000000713a00000, 0x0000000713c00000|  0%| F|  |TAMS 0x0000000713a00000, 0x0000000713a00000| Untracked 
| 119|0x0000000713c00000, 0x0000000713c00000, 0x0000000713e00000|  0%| F|  |TAMS 0x0000000713c00000, 0x0000000713c00000| Untracked 
| 120|0x0000000713e00000, 0x0000000713e00000, 0x0000000714000000|  0%| F|  |TAMS 0x0000000713e00000, 0x0000000713e00000| Untracked 
| 121|0x0000000714000000, 0x0000000714000000, 0x0000000714200000|  0%| F|  |TAMS 0x0000000714000000, 0x0000000714000000| Untracked 
| 122|0x0000000714200000, 0x0000000714200000, 0x0000000714400000|  0%| F|  |TAMS 0x0000000714200000, 0x0000000714200000| Untracked 
| 123|0x0000000714400000, 0x0000000714400000, 0x0000000714600000|  0%| F|  |TAMS 0x0000000714400000, 0x0000000714400000| Untracked 
| 124|0x0000000714600000, 0x0000000714600000, 0x0000000714800000|  0%| F|  |TAMS 0x0000000714600000, 0x0000000714600000| Untracked 
| 125|0x0000000714800000, 0x0000000714800000, 0x0000000714a00000|  0%| F|  |TAMS 0x0000000714800000, 0x0000000714800000| Untracked 
| 126|0x0000000714a00000, 0x0000000714a00000, 0x0000000714c00000|  0%| F|  |TAMS 0x0000000714a00000, 0x0000000714a00000| Untracked 
| 127|0x0000000714c00000, 0x0000000714c00000, 0x0000000714e00000|  0%| F|  |TAMS 0x0000000714c00000, 0x0000000714c00000| Untracked 
| 128|0x0000000714e00000, 0x0000000714e00000, 0x0000000715000000|  0%| F|  |TAMS 0x0000000714e00000, 0x0000000714e00000| Untracked 
| 129|0x0000000715000000, 0x0000000715000000, 0x0000000715200000|  0%| F|  |TAMS 0x0000000715000000, 0x0000000715000000| Untracked 
| 130|0x0000000715200000, 0x0000000715200000, 0x0000000715400000|  0%| F|  |TAMS 0x0000000715200000, 0x0000000715200000| Untracked 
| 131|0x0000000715400000, 0x0000000715400000, 0x0000000715600000|  0%| F|  |TAMS 0x0000000715400000, 0x0000000715400000| Untracked 
| 132|0x0000000715600000, 0x0000000715600000, 0x0000000715800000|  0%| F|  |TAMS 0x0000000715600000, 0x0000000715600000| Untracked 
| 133|0x0000000715800000, 0x0000000715800000, 0x0000000715a00000|  0%| F|  |TAMS 0x0000000715800000, 0x0000000715800000| Untracked 
| 134|0x0000000715a00000, 0x0000000715a00000, 0x0000000715c00000|  0%| F|  |TAMS 0x0000000715a00000, 0x0000000715a00000| Untracked 
| 135|0x0000000715c00000, 0x0000000715c00000, 0x0000000715e00000|  0%| F|  |TAMS 0x0000000715c00000, 0x0000000715c00000| Untracked 
| 136|0x0000000715e00000, 0x0000000715e00000, 0x0000000716000000|  0%| F|  |TAMS 0x0000000715e00000, 0x0000000715e00000| Untracked 
| 137|0x0000000716000000, 0x0000000716000000, 0x0000000716200000|  0%| F|  |TAMS 0x0000000716000000, 0x0000000716000000| Untracked 
| 138|0x0000000716200000, 0x0000000716200000, 0x0000000716400000|  0%| F|  |TAMS 0x0000000716200000, 0x0000000716200000| Untracked 
| 139|0x0000000716400000, 0x0000000716400000, 0x0000000716600000|  0%| F|  |TAMS 0x0000000716400000, 0x0000000716400000| Untracked 
| 140|0x0000000716600000, 0x0000000716600000, 0x0000000716800000|  0%| F|  |TAMS 0x0000000716600000, 0x0000000716600000| Untracked 
| 141|0x0000000716800000, 0x0000000716800000, 0x0000000716a00000|  0%| F|  |TAMS 0x0000000716800000, 0x0000000716800000| Untracked 
| 142|0x0000000716a00000, 0x0000000716a00000, 0x0000000716c00000|  0%| F|  |TAMS 0x0000000716a00000, 0x0000000716a00000| Untracked 
| 143|0x0000000716c00000, 0x0000000716c00000, 0x0000000716e00000|  0%| F|  |TAMS 0x0000000716c00000, 0x0000000716c00000| Untracked 
| 144|0x0000000716e00000, 0x0000000716e00000, 0x0000000717000000|  0%| F|  |TAMS 0x0000000716e00000, 0x0000000716e00000| Untracked 
| 145|0x0000000717000000, 0x0000000717000000, 0x0000000717200000|  0%| F|  |TAMS 0x0000000717000000, 0x0000000717000000| Untracked 
| 146|0x0000000717200000, 0x0000000717200000, 0x0000000717400000|  0%| F|  |TAMS 0x0000000717200000, 0x0000000717200000| Untracked 
| 147|0x0000000717400000, 0x0000000717400000, 0x0000000717600000|  0%| F|  |TAMS 0x0000000717400000, 0x0000000717400000| Untracked 
| 148|0x0000000717600000, 0x0000000717600000, 0x0000000717800000|  0%| F|  |TAMS 0x0000000717600000, 0x0000000717600000| Untracked 
| 149|0x0000000717800000, 0x0000000717800000, 0x0000000717a00000|  0%| F|  |TAMS 0x0000000717800000, 0x0000000717800000| Untracked 
| 150|0x0000000717a00000, 0x0000000717a00000, 0x0000000717c00000|  0%| F|  |TAMS 0x0000000717a00000, 0x0000000717a00000| Untracked 
| 151|0x0000000717c00000, 0x0000000717c00000, 0x0000000717e00000|  0%| F|  |TAMS 0x0000000717c00000, 0x0000000717c00000| Untracked 
| 152|0x0000000717e00000, 0x0000000717e00000, 0x0000000718000000|  0%| F|  |TAMS 0x0000000717e00000, 0x0000000717e00000| Untracked 
| 153|0x0000000718000000, 0x0000000718000000, 0x0000000718200000|  0%| F|  |TAMS 0x0000000718000000, 0x0000000718000000| Untracked 
| 154|0x0000000718200000, 0x0000000718200000, 0x0000000718400000|  0%| F|  |TAMS 0x0000000718200000, 0x0000000718200000| Untracked 
| 155|0x0000000718400000, 0x0000000718400000, 0x0000000718600000|  0%| F|  |TAMS 0x0000000718400000, 0x0000000718400000| Untracked 
| 156|0x0000000718600000, 0x0000000718600000, 0x0000000718800000|  0%| F|  |TAMS 0x0000000718600000, 0x0000000718600000| Untracked 
| 157|0x0000000718800000, 0x0000000718800000, 0x0000000718a00000|  0%| F|  |TAMS 0x0000000718800000, 0x0000000718800000| Untracked 
| 158|0x0000000718a00000, 0x0000000718a00000, 0x0000000718c00000|  0%| F|  |TAMS 0x0000000718a00000, 0x0000000718a00000| Untracked 
| 159|0x0000000718c00000, 0x0000000718c00000, 0x0000000718e00000|  0%| F|  |TAMS 0x0000000718c00000, 0x0000000718c00000| Untracked 
| 160|0x0000000718e00000, 0x0000000718e00000, 0x0000000719000000|  0%| F|  |TAMS 0x0000000718e00000, 0x0000000718e00000| Untracked 
| 161|0x0000000719000000, 0x0000000719000000, 0x0000000719200000|  0%| F|  |TAMS 0x0000000719000000, 0x0000000719000000| Untracked 
| 162|0x0000000719200000, 0x0000000719200000, 0x0000000719400000|  0%| F|  |TAMS 0x0000000719200000, 0x0000000719200000| Untracked 
| 163|0x0000000719400000, 0x0000000719400000, 0x0000000719600000|  0%| F|  |TAMS 0x0000000719400000, 0x0000000719400000| Untracked 
| 164|0x0000000719600000, 0x0000000719600000, 0x0000000719800000|  0%| F|  |TAMS 0x0000000719600000, 0x0000000719600000| Untracked 
| 165|0x0000000719800000, 0x0000000719800000, 0x0000000719a00000|  0%| F|  |TAMS 0x0000000719800000, 0x0000000719800000| Untracked 
| 166|0x0000000719a00000, 0x0000000719a00000, 0x0000000719c00000|  0%| F|  |TAMS 0x0000000719a00000, 0x0000000719a00000| Untracked 
| 167|0x0000000719c00000, 0x0000000719c00000, 0x0000000719e00000|  0%| F|  |TAMS 0x0000000719c00000, 0x0000000719c00000| Untracked 
| 168|0x0000000719e00000, 0x0000000719e00000, 0x000000071a000000|  0%| F|  |TAMS 0x0000000719e00000, 0x0000000719e00000| Untracked 
| 169|0x000000071a000000, 0x000000071a000000, 0x000000071a200000|  0%| F|  |TAMS 0x000000071a000000, 0x000000071a000000| Untracked 
| 170|0x000000071a200000, 0x000000071a200000, 0x000000071a400000|  0%| F|  |TAMS 0x000000071a200000, 0x000000071a200000| Untracked 
| 171|0x000000071a400000, 0x000000071a400000, 0x000000071a600000|  0%| F|  |TAMS 0x000000071a400000, 0x000000071a400000| Untracked 
| 172|0x000000071a600000, 0x000000071a600000, 0x000000071a800000|  0%| F|  |TAMS 0x000000071a600000, 0x000000071a600000| Untracked 
| 173|0x000000071a800000, 0x000000071a800000, 0x000000071aa00000|  0%| F|  |TAMS 0x000000071a800000, 0x000000071a800000| Untracked 
| 174|0x000000071aa00000, 0x000000071aa00000, 0x000000071ac00000|  0%| F|  |TAMS 0x000000071aa00000, 0x000000071aa00000| Untracked 
| 175|0x000000071ac00000, 0x000000071ac00000, 0x000000071ae00000|  0%| F|  |TAMS 0x000000071ac00000, 0x000000071ac00000| Untracked 
| 176|0x000000071ae00000, 0x000000071ae00000, 0x000000071b000000|  0%| F|  |TAMS 0x000000071ae00000, 0x000000071ae00000| Untracked 
| 177|0x000000071b000000, 0x000000071b000000, 0x000000071b200000|  0%| F|  |TAMS 0x000000071b000000, 0x000000071b000000| Untracked 
| 178|0x000000071b200000, 0x000000071b200000, 0x000000071b400000|  0%| F|  |TAMS 0x000000071b200000, 0x000000071b200000| Untracked 
| 179|0x000000071b400000, 0x000000071b400000, 0x000000071b600000|  0%| F|  |TAMS 0x000000071b400000, 0x000000071b400000| Untracked 
| 180|0x000000071b600000, 0x000000071b600000, 0x000000071b800000|  0%| F|  |TAMS 0x000000071b600000, 0x000000071b600000| Untracked 
| 181|0x000000071b800000, 0x000000071b800000, 0x000000071ba00000|  0%| F|  |TAMS 0x000000071b800000, 0x000000071b800000| Untracked 
| 182|0x000000071ba00000, 0x000000071ba00000, 0x000000071bc00000|  0%| F|  |TAMS 0x000000071ba00000, 0x000000071ba00000| Untracked 
| 183|0x000000071bc00000, 0x000000071bc00000, 0x000000071be00000|  0%| F|  |TAMS 0x000000071bc00000, 0x000000071bc00000| Untracked 
| 184|0x000000071be00000, 0x000000071be00000, 0x000000071c000000|  0%| F|  |TAMS 0x000000071be00000, 0x000000071be00000| Untracked 
| 185|0x000000071c000000, 0x000000071c000000, 0x000000071c200000|  0%| F|  |TAMS 0x000000071c000000, 0x000000071c000000| Untracked 
| 186|0x000000071c200000, 0x000000071c200000, 0x000000071c400000|  0%| F|  |TAMS 0x000000071c200000, 0x000000071c200000| Untracked 
| 187|0x000000071c400000, 0x000000071c400000, 0x000000071c600000|  0%| F|  |TAMS 0x000000071c400000, 0x000000071c400000| Untracked 
| 188|0x000000071c600000, 0x000000071c600000, 0x000000071c800000|  0%| F|  |TAMS 0x000000071c600000, 0x000000071c600000| Untracked 
| 189|0x000000071c800000, 0x000000071c800000, 0x000000071ca00000|  0%| F|  |TAMS 0x000000071c800000, 0x000000071c800000| Untracked 
| 190|0x000000071ca00000, 0x000000071ca00000, 0x000000071cc00000|  0%| F|  |TAMS 0x000000071ca00000, 0x000000071ca00000| Untracked 
| 191|0x000000071cc00000, 0x000000071cc00000, 0x000000071ce00000|  0%| F|  |TAMS 0x000000071cc00000, 0x000000071cc00000| Untracked 
| 192|0x000000071ce00000, 0x000000071ce00000, 0x000000071d000000|  0%| F|  |TAMS 0x000000071ce00000, 0x000000071ce00000| Untracked 
| 193|0x000000071d000000, 0x000000071d000000, 0x000000071d200000|  0%| F|  |TAMS 0x000000071d000000, 0x000000071d000000| Untracked 
| 194|0x000000071d200000, 0x000000071d200000, 0x000000071d400000|  0%| F|  |TAMS 0x000000071d200000, 0x000000071d200000| Untracked 
| 195|0x000000071d400000, 0x000000071d400000, 0x000000071d600000|  0%| F|  |TAMS 0x000000071d400000, 0x000000071d400000| Untracked 
| 196|0x000000071d600000, 0x000000071d600000, 0x000000071d800000|  0%| F|  |TAMS 0x000000071d600000, 0x000000071d600000| Untracked 
| 197|0x000000071d800000, 0x000000071d800000, 0x000000071da00000|  0%| F|  |TAMS 0x000000071d800000, 0x000000071d800000| Untracked 
| 198|0x000000071da00000, 0x000000071da00000, 0x000000071dc00000|  0%| F|  |TAMS 0x000000071da00000, 0x000000071da00000| Untracked 
| 199|0x000000071dc00000, 0x000000071dc00000, 0x000000071de00000|  0%| F|  |TAMS 0x000000071dc00000, 0x000000071dc00000| Untracked 
| 200|0x000000071de00000, 0x000000071de00000, 0x000000071e000000|  0%| F|  |TAMS 0x000000071de00000, 0x000000071de00000| Untracked 
| 201|0x000000071e000000, 0x000000071e000000, 0x000000071e200000|  0%| F|  |TAMS 0x000000071e000000, 0x000000071e000000| Untracked 
| 202|0x000000071e200000, 0x000000071e200000, 0x000000071e400000|  0%| F|  |TAMS 0x000000071e200000, 0x000000071e200000| Untracked 
| 203|0x000000071e400000, 0x000000071e400000, 0x000000071e600000|  0%| F|  |TAMS 0x000000071e400000, 0x000000071e400000| Untracked 
| 204|0x000000071e600000, 0x000000071e600000, 0x000000071e800000|  0%| F|  |TAMS 0x000000071e600000, 0x000000071e600000| Untracked 
| 205|0x000000071e800000, 0x000000071e800000, 0x000000071ea00000|  0%| F|  |TAMS 0x000000071e800000, 0x000000071e800000| Untracked 
| 206|0x000000071ea00000, 0x000000071ea00000, 0x000000071ec00000|  0%| F|  |TAMS 0x000000071ea00000, 0x000000071ea00000| Untracked 
| 207|0x000000071ec00000, 0x000000071ec00000, 0x000000071ee00000|  0%| F|  |TAMS 0x000000071ec00000, 0x000000071ec00000| Untracked 
| 208|0x000000071ee00000, 0x000000071ee00000, 0x000000071f000000|  0%| F|  |TAMS 0x000000071ee00000, 0x000000071ee00000| Untracked 
| 209|0x000000071f000000, 0x000000071f000000, 0x000000071f200000|  0%| F|  |TAMS 0x000000071f000000, 0x000000071f000000| Untracked 
| 210|0x000000071f200000, 0x000000071f200000, 0x000000071f400000|  0%| F|  |TAMS 0x000000071f200000, 0x000000071f200000| Untracked 
| 211|0x000000071f400000, 0x000000071f400000, 0x000000071f600000|  0%| F|  |TAMS 0x000000071f400000, 0x000000071f400000| Untracked 
| 212|0x000000071f600000, 0x000000071f600000, 0x000000071f800000|  0%| F|  |TAMS 0x000000071f600000, 0x000000071f600000| Untracked 
| 213|0x000000071f800000, 0x000000071f800000, 0x000000071fa00000|  0%| F|  |TAMS 0x000000071f800000, 0x000000071f800000| Untracked 
| 214|0x000000071fa00000, 0x000000071fa00000, 0x000000071fc00000|  0%| F|  |TAMS 0x000000071fa00000, 0x000000071fa00000| Untracked 
| 215|0x000000071fc00000, 0x000000071fc00000, 0x000000071fe00000|  0%| F|  |TAMS 0x000000071fc00000, 0x000000071fc00000| Untracked 
| 216|0x000000071fe00000, 0x000000071fe00000, 0x0000000720000000|  0%| F|  |TAMS 0x000000071fe00000, 0x000000071fe00000| Untracked 
| 217|0x0000000720000000, 0x0000000720000000, 0x0000000720200000|  0%| F|  |TAMS 0x0000000720000000, 0x0000000720000000| Untracked 
| 218|0x0000000720200000, 0x0000000720200000, 0x0000000720400000|  0%| F|  |TAMS 0x0000000720200000, 0x0000000720200000| Untracked 
| 219|0x0000000720400000, 0x0000000720400000, 0x0000000720600000|  0%| F|  |TAMS 0x0000000720400000, 0x0000000720400000| Untracked 
| 220|0x0000000720600000, 0x0000000720600000, 0x0000000720800000|  0%| F|  |TAMS 0x0000000720600000, 0x0000000720600000| Untracked 
| 221|0x0000000720800000, 0x0000000720800000, 0x0000000720a00000|  0%| F|  |TAMS 0x0000000720800000, 0x0000000720800000| Untracked 
| 222|0x0000000720a00000, 0x0000000720a00000, 0x0000000720c00000|  0%| F|  |TAMS 0x0000000720a00000, 0x0000000720a00000| Untracked 
| 223|0x0000000720c00000, 0x0000000720c00000, 0x0000000720e00000|  0%| F|  |TAMS 0x0000000720c00000, 0x0000000720c00000| Untracked 
| 224|0x0000000720e00000, 0x0000000720e00000, 0x0000000721000000|  0%| F|  |TAMS 0x0000000720e00000, 0x0000000720e00000| Untracked 
| 225|0x0000000721000000, 0x0000000721000000, 0x0000000721200000|  0%| F|  |TAMS 0x0000000721000000, 0x0000000721000000| Untracked 
| 226|0x0000000721200000, 0x0000000721200000, 0x0000000721400000|  0%| F|  |TAMS 0x0000000721200000, 0x0000000721200000| Untracked 
| 227|0x0000000721400000, 0x0000000721400000, 0x0000000721600000|  0%| F|  |TAMS 0x0000000721400000, 0x0000000721400000| Untracked 
| 228|0x0000000721600000, 0x0000000721600000, 0x0000000721800000|  0%| F|  |TAMS 0x0000000721600000, 0x0000000721600000| Untracked 
| 229|0x0000000721800000, 0x0000000721800000, 0x0000000721a00000|  0%| F|  |TAMS 0x0000000721800000, 0x0000000721800000| Untracked 
| 230|0x0000000721a00000, 0x0000000721a00000, 0x0000000721c00000|  0%| F|  |TAMS 0x0000000721a00000, 0x0000000721a00000| Untracked 
| 231|0x0000000721c00000, 0x0000000721c00000, 0x0000000721e00000|  0%| F|  |TAMS 0x0000000721c00000, 0x0000000721c00000| Untracked 
| 232|0x0000000721e00000, 0x0000000721e00000, 0x0000000722000000|  0%| F|  |TAMS 0x0000000721e00000, 0x0000000721e00000| Untracked 
| 233|0x0000000722000000, 0x0000000722000000, 0x0000000722200000|  0%| F|  |TAMS 0x0000000722000000, 0x0000000722000000| Untracked 
| 234|0x0000000722200000, 0x0000000722200000, 0x0000000722400000|  0%| F|  |TAMS 0x0000000722200000, 0x0000000722200000| Untracked 
| 235|0x0000000722400000, 0x0000000722400000, 0x0000000722600000|  0%| F|  |TAMS 0x0000000722400000, 0x0000000722400000| Untracked 
| 236|0x0000000722600000, 0x0000000722600000, 0x0000000722800000|  0%| F|  |TAMS 0x0000000722600000, 0x0000000722600000| Untracked 
| 237|0x0000000722800000, 0x0000000722800000, 0x0000000722a00000|  0%| F|  |TAMS 0x0000000722800000, 0x0000000722800000| Untracked 
| 238|0x0000000722a00000, 0x0000000722a00000, 0x0000000722c00000|  0%| F|  |TAMS 0x0000000722a00000, 0x0000000722a00000| Untracked 
| 239|0x0000000722c00000, 0x0000000722c00000, 0x0000000722e00000|  0%| F|  |TAMS 0x0000000722c00000, 0x0000000722c00000| Untracked 
| 240|0x0000000722e00000, 0x0000000722e00000, 0x0000000723000000|  0%| F|  |TAMS 0x0000000722e00000, 0x0000000722e00000| Untracked 
| 241|0x0000000723000000, 0x0000000723000000, 0x0000000723200000|  0%| F|  |TAMS 0x0000000723000000, 0x0000000723000000| Untracked 
| 242|0x0000000723200000, 0x0000000723200000, 0x0000000723400000|  0%| F|  |TAMS 0x0000000723200000, 0x0000000723200000| Untracked 
| 243|0x0000000723400000, 0x0000000723400000, 0x0000000723600000|  0%| F|  |TAMS 0x0000000723400000, 0x0000000723400000| Untracked 
| 244|0x0000000723600000, 0x0000000723600000, 0x0000000723800000|  0%| F|  |TAMS 0x0000000723600000, 0x0000000723600000| Untracked 
| 245|0x0000000723800000, 0x0000000723800000, 0x0000000723a00000|  0%| F|  |TAMS 0x0000000723800000, 0x0000000723800000| Untracked 
| 246|0x0000000723a00000, 0x0000000723a00000, 0x0000000723c00000|  0%| F|  |TAMS 0x0000000723a00000, 0x0000000723a00000| Untracked 
| 247|0x0000000723c00000, 0x0000000723c00000, 0x0000000723e00000|  0%| F|  |TAMS 0x0000000723c00000, 0x0000000723c00000| Untracked 
| 248|0x0000000723e00000, 0x0000000723e00000, 0x0000000724000000|  0%| F|  |TAMS 0x0000000723e00000, 0x0000000723e00000| Untracked 
| 249|0x0000000724000000, 0x0000000724000000, 0x0000000724200000|  0%| F|  |TAMS 0x0000000724000000, 0x0000000724000000| Untracked 
| 250|0x0000000724200000, 0x0000000724200000, 0x0000000724400000|  0%| F|  |TAMS 0x0000000724200000, 0x0000000724200000| Untracked 
| 251|0x0000000724400000, 0x0000000724400000, 0x0000000724600000|  0%| F|  |TAMS 0x0000000724400000, 0x0000000724400000| Untracked 
| 252|0x0000000724600000, 0x0000000724600000, 0x0000000724800000|  0%| F|  |TAMS 0x0000000724600000, 0x0000000724600000| Untracked 
| 253|0x0000000724800000, 0x0000000724800000, 0x0000000724a00000|  0%| F|  |TAMS 0x0000000724800000, 0x0000000724800000| Untracked 
| 254|0x0000000724a00000, 0x0000000724a00000, 0x0000000724c00000|  0%| F|  |TAMS 0x0000000724a00000, 0x0000000724a00000| Untracked 
| 255|0x0000000724c00000, 0x0000000724c00000, 0x0000000724e00000|  0%| F|  |TAMS 0x0000000724c00000, 0x0000000724c00000| Untracked 
| 256|0x0000000724e00000, 0x0000000724e00000, 0x0000000725000000|  0%| F|  |TAMS 0x0000000724e00000, 0x0000000724e00000| Untracked 
| 257|0x0000000725000000, 0x0000000725000000, 0x0000000725200000|  0%| F|  |TAMS 0x0000000725000000, 0x0000000725000000| Untracked 
| 258|0x0000000725200000, 0x0000000725200000, 0x0000000725400000|  0%| F|  |TAMS 0x0000000725200000, 0x0000000725200000| Untracked 
| 259|0x0000000725400000, 0x0000000725400000, 0x0000000725600000|  0%| F|  |TAMS 0x0000000725400000, 0x0000000725400000| Untracked 
| 260|0x0000000725600000, 0x0000000725600000, 0x0000000725800000|  0%| F|  |TAMS 0x0000000725600000, 0x0000000725600000| Untracked 
| 261|0x0000000725800000, 0x0000000725800000, 0x0000000725a00000|  0%| F|  |TAMS 0x0000000725800000, 0x0000000725800000| Untracked 
| 262|0x0000000725a00000, 0x0000000725a00000, 0x0000000725c00000|  0%| F|  |TAMS 0x0000000725a00000, 0x0000000725a00000| Untracked 
| 263|0x0000000725c00000, 0x0000000725c00000, 0x0000000725e00000|  0%| F|  |TAMS 0x0000000725c00000, 0x0000000725c00000| Untracked 
| 264|0x0000000725e00000, 0x0000000725e00000, 0x0000000726000000|  0%| F|  |TAMS 0x0000000725e00000, 0x0000000725e00000| Untracked 
| 265|0x0000000726000000, 0x0000000726000000, 0x0000000726200000|  0%| F|  |TAMS 0x0000000726000000, 0x0000000726000000| Untracked 
| 266|0x0000000726200000, 0x0000000726200000, 0x0000000726400000|  0%| F|  |TAMS 0x0000000726200000, 0x0000000726200000| Untracked 
| 267|0x0000000726400000, 0x0000000726400000, 0x0000000726600000|  0%| F|  |TAMS 0x0000000726400000, 0x0000000726400000| Untracked 
| 268|0x0000000726600000, 0x0000000726600000, 0x0000000726800000|  0%| F|  |TAMS 0x0000000726600000, 0x0000000726600000| Untracked 
| 269|0x0000000726800000, 0x0000000726800000, 0x0000000726a00000|  0%| F|  |TAMS 0x0000000726800000, 0x0000000726800000| Untracked 
| 270|0x0000000726a00000, 0x0000000726a00000, 0x0000000726c00000|  0%| F|  |TAMS 0x0000000726a00000, 0x0000000726a00000| Untracked 
| 271|0x0000000726c00000, 0x0000000726c00000, 0x0000000726e00000|  0%| F|  |TAMS 0x0000000726c00000, 0x0000000726c00000| Untracked 
| 272|0x0000000726e00000, 0x0000000726e00000, 0x0000000727000000|  0%| F|  |TAMS 0x0000000726e00000, 0x0000000726e00000| Untracked 
| 273|0x0000000727000000, 0x0000000727000000, 0x0000000727200000|  0%| F|  |TAMS 0x0000000727000000, 0x0000000727000000| Untracked 
| 274|0x0000000727200000, 0x0000000727200000, 0x0000000727400000|  0%| F|  |TAMS 0x0000000727200000, 0x0000000727200000| Untracked 
| 275|0x0000000727400000, 0x0000000727400000, 0x0000000727600000|  0%| F|  |TAMS 0x0000000727400000, 0x0000000727400000| Untracked 
| 276|0x0000000727600000, 0x0000000727600000, 0x0000000727800000|  0%| F|  |TAMS 0x0000000727600000, 0x0000000727600000| Untracked 
| 277|0x0000000727800000, 0x0000000727800000, 0x0000000727a00000|  0%| F|  |TAMS 0x0000000727800000, 0x0000000727800000| Untracked 
| 278|0x0000000727a00000, 0x0000000727a00000, 0x0000000727c00000|  0%| F|  |TAMS 0x0000000727a00000, 0x0000000727a00000| Untracked 
| 279|0x0000000727c00000, 0x0000000727c00000, 0x0000000727e00000|  0%| F|  |TAMS 0x0000000727c00000, 0x0000000727c00000| Untracked 
| 280|0x0000000727e00000, 0x0000000727e00000, 0x0000000728000000|  0%| F|  |TAMS 0x0000000727e00000, 0x0000000727e00000| Untracked 
| 281|0x0000000728000000, 0x0000000728000000, 0x0000000728200000|  0%| F|  |TAMS 0x0000000728000000, 0x0000000728000000| Untracked 
| 282|0x0000000728200000, 0x0000000728200000, 0x0000000728400000|  0%| F|  |TAMS 0x0000000728200000, 0x0000000728200000| Untracked 
| 283|0x0000000728400000, 0x0000000728400000, 0x0000000728600000|  0%| F|  |TAMS 0x0000000728400000, 0x0000000728400000| Untracked 
| 284|0x0000000728600000, 0x0000000728600000, 0x0000000728800000|  0%| F|  |TAMS 0x0000000728600000, 0x0000000728600000| Untracked 
| 285|0x0000000728800000, 0x0000000728800000, 0x0000000728a00000|  0%| F|  |TAMS 0x0000000728800000, 0x0000000728800000| Untracked 
| 286|0x0000000728a00000, 0x0000000728a00000, 0x0000000728c00000|  0%| F|  |TAMS 0x0000000728a00000, 0x0000000728a00000| Untracked 
| 287|0x0000000728c00000, 0x0000000728c00000, 0x0000000728e00000|  0%| F|  |TAMS 0x0000000728c00000, 0x0000000728c00000| Untracked 
| 288|0x0000000728e00000, 0x0000000728e00000, 0x0000000729000000|  0%| F|  |TAMS 0x0000000728e00000, 0x0000000728e00000| Untracked 
| 289|0x0000000729000000, 0x0000000729000000, 0x0000000729200000|  0%| F|  |TAMS 0x0000000729000000, 0x0000000729000000| Untracked 
| 290|0x0000000729200000, 0x0000000729200000, 0x0000000729400000|  0%| F|  |TAMS 0x0000000729200000, 0x0000000729200000| Untracked 
| 291|0x0000000729400000, 0x0000000729400000, 0x0000000729600000|  0%| F|  |TAMS 0x0000000729400000, 0x0000000729400000| Untracked 
| 292|0x0000000729600000, 0x0000000729600000, 0x0000000729800000|  0%| F|  |TAMS 0x0000000729600000, 0x0000000729600000| Untracked 
| 293|0x0000000729800000, 0x0000000729800000, 0x0000000729a00000|  0%| F|  |TAMS 0x0000000729800000, 0x0000000729800000| Untracked 
| 294|0x0000000729a00000, 0x0000000729a00000, 0x0000000729c00000|  0%| F|  |TAMS 0x0000000729a00000, 0x0000000729a00000| Untracked 
| 295|0x0000000729c00000, 0x0000000729c00000, 0x0000000729e00000|  0%| F|  |TAMS 0x0000000729c00000, 0x0000000729c00000| Untracked 
| 296|0x0000000729e00000, 0x0000000729e00000, 0x000000072a000000|  0%| F|  |TAMS 0x0000000729e00000, 0x0000000729e00000| Untracked 
| 297|0x000000072a000000, 0x000000072a000000, 0x000000072a200000|  0%| F|  |TAMS 0x000000072a000000, 0x000000072a000000| Untracked 
| 298|0x000000072a200000, 0x000000072a200000, 0x000000072a400000|  0%| F|  |TAMS 0x000000072a200000, 0x000000072a200000| Untracked 
| 299|0x000000072a400000, 0x000000072a400000, 0x000000072a600000|  0%| F|  |TAMS 0x000000072a400000, 0x000000072a400000| Untracked 
| 300|0x000000072a600000, 0x000000072a600000, 0x000000072a800000|  0%| F|  |TAMS 0x000000072a600000, 0x000000072a600000| Untracked 
| 301|0x000000072a800000, 0x000000072a800000, 0x000000072aa00000|  0%| F|  |TAMS 0x000000072a800000, 0x000000072a800000| Untracked 
| 302|0x000000072aa00000, 0x000000072aa00000, 0x000000072ac00000|  0%| F|  |TAMS 0x000000072aa00000, 0x000000072aa00000| Untracked 
| 303|0x000000072ac00000, 0x000000072ac00000, 0x000000072ae00000|  0%| F|  |TAMS 0x000000072ac00000, 0x000000072ac00000| Untracked 
| 304|0x000000072ae00000, 0x000000072ae00000, 0x000000072b000000|  0%| F|  |TAMS 0x000000072ae00000, 0x000000072ae00000| Untracked 
| 305|0x000000072b000000, 0x000000072b000000, 0x000000072b200000|  0%| F|  |TAMS 0x000000072b000000, 0x000000072b000000| Untracked 
| 306|0x000000072b200000, 0x000000072b200000, 0x000000072b400000|  0%| F|  |TAMS 0x000000072b200000, 0x000000072b200000| Untracked 
| 307|0x000000072b400000, 0x000000072b400000, 0x000000072b600000|  0%| F|  |TAMS 0x000000072b400000, 0x000000072b400000| Untracked 
| 308|0x000000072b600000, 0x000000072b600000, 0x000000072b800000|  0%| F|  |TAMS 0x000000072b600000, 0x000000072b600000| Untracked 
| 309|0x000000072b800000, 0x000000072b800000, 0x000000072ba00000|  0%| F|  |TAMS 0x000000072b800000, 0x000000072b800000| Untracked 
| 310|0x000000072ba00000, 0x000000072ba00000, 0x000000072bc00000|  0%| F|  |TAMS 0x000000072ba00000, 0x000000072ba00000| Untracked 
| 311|0x000000072bc00000, 0x000000072bc00000, 0x000000072be00000|  0%| F|  |TAMS 0x000000072bc00000, 0x000000072bc00000| Untracked 
| 312|0x000000072be00000, 0x000000072be00000, 0x000000072c000000|  0%| F|  |TAMS 0x000000072be00000, 0x000000072be00000| Untracked 
| 313|0x000000072c000000, 0x000000072c000000, 0x000000072c200000|  0%| F|  |TAMS 0x000000072c000000, 0x000000072c000000| Untracked 
| 314|0x000000072c200000, 0x000000072c200000, 0x000000072c400000|  0%| F|  |TAMS 0x000000072c200000, 0x000000072c200000| Untracked 
| 315|0x000000072c400000, 0x000000072c400000, 0x000000072c600000|  0%| F|  |TAMS 0x000000072c400000, 0x000000072c400000| Untracked 
| 316|0x000000072c600000, 0x000000072c600000, 0x000000072c800000|  0%| F|  |TAMS 0x000000072c600000, 0x000000072c600000| Untracked 
| 317|0x000000072c800000, 0x000000072c800000, 0x000000072ca00000|  0%| F|  |TAMS 0x000000072c800000, 0x000000072c800000| Untracked 
| 318|0x000000072ca00000, 0x000000072ca00000, 0x000000072cc00000|  0%| F|  |TAMS 0x000000072ca00000, 0x000000072ca00000| Untracked 
| 319|0x000000072cc00000, 0x000000072cc00000, 0x000000072ce00000|  0%| F|  |TAMS 0x000000072cc00000, 0x000000072cc00000| Untracked 
| 320|0x000000072ce00000, 0x000000072ce00000, 0x000000072d000000|  0%| F|  |TAMS 0x000000072ce00000, 0x000000072ce00000| Untracked 
| 321|0x000000072d000000, 0x000000072d000000, 0x000000072d200000|  0%| F|  |TAMS 0x000000072d000000, 0x000000072d000000| Untracked 
| 322|0x000000072d200000, 0x000000072d200000, 0x000000072d400000|  0%| F|  |TAMS 0x000000072d200000, 0x000000072d200000| Untracked 
| 323|0x000000072d400000, 0x000000072d400000, 0x000000072d600000|  0%| F|  |TAMS 0x000000072d400000, 0x000000072d400000| Untracked 
| 324|0x000000072d600000, 0x000000072d600000, 0x000000072d800000|  0%| F|  |TAMS 0x000000072d600000, 0x000000072d600000| Untracked 
| 325|0x000000072d800000, 0x000000072d800000, 0x000000072da00000|  0%| F|  |TAMS 0x000000072d800000, 0x000000072d800000| Untracked 
| 326|0x000000072da00000, 0x000000072da00000, 0x000000072dc00000|  0%| F|  |TAMS 0x000000072da00000, 0x000000072da00000| Untracked 
| 327|0x000000072dc00000, 0x000000072dc00000, 0x000000072de00000|  0%| F|  |TAMS 0x000000072dc00000, 0x000000072dc00000| Untracked 
| 328|0x000000072de00000, 0x000000072df37c58, 0x000000072e000000| 60%| S|CS|TAMS 0x000000072de00000, 0x000000072de00000| Complete 
| 329|0x000000072e000000, 0x000000072e200000, 0x000000072e200000|100%| S|CS|TAMS 0x000000072e000000, 0x000000072e000000| Complete 
| 330|0x000000072e200000, 0x000000072e200000, 0x000000072e400000|  0%| F|  |TAMS 0x000000072e200000, 0x000000072e200000| Untracked 
| 331|0x000000072e400000, 0x000000072e400000, 0x000000072e600000|  0%| F|  |TAMS 0x000000072e400000, 0x000000072e400000| Untracked 
| 332|0x000000072e600000, 0x000000072e600000, 0x000000072e800000|  0%| F|  |TAMS 0x000000072e600000, 0x000000072e600000| Untracked 
| 333|0x000000072e800000, 0x000000072e800000, 0x000000072ea00000|  0%| F|  |TAMS 0x000000072e800000, 0x000000072e800000| Untracked 
| 334|0x000000072ea00000, 0x000000072ea00000, 0x000000072ec00000|  0%| F|  |TAMS 0x000000072ea00000, 0x000000072ea00000| Untracked 
| 335|0x000000072ec00000, 0x000000072ec00000, 0x000000072ee00000|  0%| F|  |TAMS 0x000000072ec00000, 0x000000072ec00000| Untracked 
| 336|0x000000072ee00000, 0x000000072ee00000, 0x000000072f000000|  0%| F|  |TAMS 0x000000072ee00000, 0x000000072ee00000| Untracked 
| 337|0x000000072f000000, 0x000000072f000000, 0x000000072f200000|  0%| F|  |TAMS 0x000000072f000000, 0x000000072f000000| Untracked 
| 338|0x000000072f200000, 0x000000072f200000, 0x000000072f400000|  0%| F|  |TAMS 0x000000072f200000, 0x000000072f200000| Untracked 
| 339|0x000000072f400000, 0x000000072f400000, 0x000000072f600000|  0%| F|  |TAMS 0x000000072f400000, 0x000000072f400000| Untracked 
| 340|0x000000072f600000, 0x000000072f600000, 0x000000072f800000|  0%| F|  |TAMS 0x000000072f600000, 0x000000072f600000| Untracked 
| 341|0x000000072f800000, 0x000000072f800000, 0x000000072fa00000|  0%| F|  |TAMS 0x000000072f800000, 0x000000072f800000| Untracked 
| 342|0x000000072fa00000, 0x000000072fa00000, 0x000000072fc00000|  0%| F|  |TAMS 0x000000072fa00000, 0x000000072fa00000| Untracked 
| 343|0x000000072fc00000, 0x000000072fdb33b0, 0x000000072fe00000| 85%| E|  |TAMS 0x000000072fc00000, 0x000000072fc00000| Complete 
| 344|0x000000072fe00000, 0x0000000730000000, 0x0000000730000000|100%| E|CS|TAMS 0x000000072fe00000, 0x000000072fe00000| Complete 
| 345|0x0000000730000000, 0x0000000730200000, 0x0000000730200000|100%| E|  |TAMS 0x0000000730000000, 0x0000000730000000| Complete 
| 346|0x0000000730200000, 0x0000000730400000, 0x0000000730400000|100%| E|CS|TAMS 0x0000000730200000, 0x0000000730200000| Complete 

Card table byte_map: [0x000002e620de0000,0x000002e6215c0000] _byte_map_base: 0x000002e61d5b9000

Marking Bits (Prev, Next): (CMBitMap*) 0x000002e6098a97e0, (CMBitMap*) 0x000002e6098a9820
 Prev Bits: [0x000002e621da0000, 0x000002e625c68000)
 Next Bits: [0x000002e625c70000, 0x000002e629b38000)

Polling page: 0x000002e607a70000

Metaspace:

Usage:
  Non-class:     44.44 MB used.
      Class:      7.76 MB used.
       Both:     52.20 MB used.

Virtual space:
  Non-class space:       64.00 MB reserved,      45.00 MB ( 70%) committed,  1 nodes.
      Class space:        1.00 GB reserved,       8.25 MB ( <1%) committed,  1 nodes.
             Both:        1.06 GB reserved,      53.25 MB (  5%) committed. 

Chunk freelists:
   Non-Class:  2.09 MB
       Class:  7.74 MB
        Both:  9.84 MB

MaxMetaspaceSize: unlimited
CompressedClassSpaceSize: 1.00 GB
Initial GC threshold: 21.00 MB
Current GC threshold: 59.06 MB
CDS: on
MetaspaceReclaimPolicy: balanced
 - commit_granule_bytes: 65536.
 - commit_granule_words: 8192.
 - virtual_space_node_default_size: 8388608.
 - enlarge_chunks_in_place: 1.
 - new_chunks_are_fully_committed: 0.
 - uncommit_free_chunks: 1.
 - use_allocation_guard: 0.
 - handle_deallocations: 1.


Internal statistics:

num_allocs_failed_limit: 6.
num_arena_births: 1814.
num_arena_deaths: 82.
num_vsnodes_births: 2.
num_vsnodes_deaths: 0.
num_space_committed: 852.
num_space_uncommitted: 0.
num_chunks_returned_to_freelist: 116.
num_chunks_taken_from_freelist: 3816.
num_chunk_merges: 25.
num_chunk_splits: 2202.
num_chunks_enlarged: 1038.
num_inconsistent_stats: 0.

CodeHeap 'non-profiled nmethods': size=120000Kb used=5765Kb max_used=5765Kb free=114234Kb
 bounds [0x000002e618b80000, 0x000002e619140000, 0x000002e6200b0000]
CodeHeap 'profiled nmethods': size=120000Kb used=14262Kb max_used=14918Kb free=105737Kb
 bounds [0x000002e6110b0000, 0x000002e611f60000, 0x000002e6185e0000]
CodeHeap 'non-nmethods': size=5760Kb used=1315Kb max_used=1378Kb free=4444Kb
 bounds [0x000002e6185e0000, 0x000002e618850000, 0x000002e618b80000]
 total_blobs=8397 nmethods=7758 adapters=551
 compilation: enabled
              stopped_count=0, restarted_count=0
 full_count=0

Compilation events (20 events):
Event: 8984.227 Thread 0x000002e62be29a40 nmethod 9878 0x000002e619001510 code [0x000002e6190016e0, 0x000002e619002658]
Event: 8984.354 Thread 0x000002e62be2a350 9880       3       org.apache.logging.log4j.message.ReusableParameterizedMessage::determineThrowable (25 bytes)
Event: 8984.719 Thread 0x000002e62be2a350 nmethod 9880 0x000002e611a6e490 code [0x000002e611a6e640, 0x000002e611a6e9f8]
Event: 8984.771 Thread 0x000002e62be2a350 9882       1       org.apache.logging.log4j.core.impl.MutableLogEvent::setLevel (6 bytes)
Event: 8985.003 Thread 0x000002e62be2a350 nmethod 9882 0x000002e619001210 code [0x000002e6190013a0, 0x000002e6190014b8]
Event: 8985.166 Thread 0x000002e62be2a350 9884 %     3       java.lang.Throwable::printEnclosedStackTrace @ 103 (353 bytes)
Event: 8990.229 Thread 0x000002e62be2a350 nmethod 9884% 0x000002e611893090 code [0x000002e611893720, 0x000002e611896be8]
Event: 8990.278 Thread 0x000002e62be29a40 9887   !   4       io.qameta.allure.internal.shadowed.jackson.databind.ser.impl.IndexedListSerializer::serializeContents (188 bytes)
Event: 8990.493 Thread 0x000002e62be2a350 9889       3       io.cucumber.core.runner.CachingGlue$$Lambda$1263/0x000002e62e4d3b10::accept (12 bytes)
Event: 8990.727 Thread 0x000002e62be2a350 nmethod 9889 0x000002e611a6df10 code [0x000002e611a6e0c0, 0x000002e611a6e308]
Event: 8991.075 Thread 0x000002e62be2a350 9890       3       org.picocontainer.injectors.AbstractInjectionFactory$LifecycleAdapter::getComponentInstance (12 bytes)
Event: 8991.181 Thread 0x000002e62be2a350 nmethod 9890 0x000002e611892c10 code [0x000002e611892dc0, 0x000002e611892fa8]
Event: 8991.181 Thread 0x000002e62be2a350 9891       3       org.apache.logging.log4j.core.Logger::requiresLocation (8 bytes)
Event: 8991.304 Thread 0x000002e62be2a350 nmethod 9891 0x000002e611892890 code [0x000002e611892a20, 0x000002e611892b58]
Event: 8991.408 Thread 0x000002e62be2a350 9895       1       java.text.NumberFormat::getMaximumFractionDigits (5 bytes)
Event: 8991.421 Thread 0x000002e62be2a350 nmethod 9895 0x000002e619000f10 code [0x000002e6190010a0, 0x000002e619001178]
Event: 8992.354 Thread 0x000002e62be2a350 9896       3       java.text.DecimalFormat::setMinimumFractionDigits (88 bytes)
Event: 8992.451 Thread 0x000002e62be2a350 nmethod 9896 0x000002e611a2f610 code [0x000002e611a2f7e0, 0x000002e611a2fdd8]
Event: 8993.570 Thread 0x000002e62be2a350 9897       3       java.util.Stack::empty (13 bytes)
Event: 8993.628 Thread 0x000002e62be2a350 nmethod 9897 0x000002e611892390 code [0x000002e611892520, 0x000002e6118927f8]

GC Heap History (20 events):
Event: 1614.770 GC heap before
{Heap before GC invocations=23 (full 0):
 garbage-first heap   total 710656K, used 90290K [0x0000000704e00000, 0x0000000800000000)
  region size 2048K, 17 young (34816K), 2 survivors (4096K)
 Metaspace       used 51908K, committed 52928K, reserved 1114112K
  class space    used 7864K, committed 8320K, reserved 1048576K
}
Event: 1614.783 GC heap after
{Heap after GC invocations=24 (full 0):
 garbage-first heap   total 710656K, used 63811K [0x0000000704e00000, 0x0000000800000000)
  region size 2048K, 3 young (6144K), 3 survivors (6144K)
 Metaspace       used 51908K, committed 52928K, reserved 1114112K
  class space    used 7864K, committed 8320K, reserved 1048576K
}
Event: 8262.756 GC heap before
{Heap before GC invocations=24 (full 0):
 garbage-first heap   total 710656K, used 94531K [0x0000000704e00000, 0x0000000800000000)
  region size 2048K, 17 young (34816K), 3 survivors (6144K)
 Metaspace       used 52046K, committed 53056K, reserved 1114112K
  class space    used 7881K, committed 8320K, reserved 1048576K
}
Event: 8262.853 GC heap after
{Heap after GC invocations=25 (full 0):
 garbage-first heap   total 710656K, used 67758K [0x0000000704e00000, 0x0000000800000000)
  region size 2048K, 3 young (6144K), 3 survivors (6144K)
 Metaspace       used 52046K, committed 53056K, reserved 1114112K
  class space    used 7881K, committed 8320K, reserved 1048576K
}
Event: 8314.241 GC heap before
{Heap before GC invocations=25 (full 0):
 garbage-first heap   total 710656K, used 96430K [0x0000000704e00000, 0x0000000800000000)
  region size 2048K, 17 young (34816K), 3 survivors (6144K)
 Metaspace       used 52192K, committed 53120K, reserved 1114112K
  class space    used 7893K, committed 8320K, reserved 1048576K
}
Event: 8314.265 GC heap after
{Heap after GC invocations=26 (full 0):
 garbage-first heap   total 710656K, used 66917K [0x0000000704e00000, 0x0000000800000000)
  region size 2048K, 2 young (4096K), 2 survivors (4096K)
 Metaspace       used 52192K, committed 53120K, reserved 1114112K
  class space    used 7893K, committed 8320K, reserved 1048576K
}
Event: 8328.846 GC heap before
{Heap before GC invocations=26 (full 0):
 garbage-first heap   total 710656K, used 138597K [0x0000000704e00000, 0x0000000800000000)
  region size 2048K, 37 young (75776K), 2 survivors (4096K)
 Metaspace       used 52197K, committed 53120K, reserved 1114112K
  class space    used 7894K, committed 8320K, reserved 1048576K
}
Event: 8328.855 GC heap after
{Heap after GC invocations=27 (full 0):
 garbage-first heap   total 710656K, used 70267K [0x0000000704e00000, 0x0000000800000000)
  region size 2048K, 4 young (8192K), 4 survivors (8192K)
 Metaspace       used 52197K, committed 53120K, reserved 1114112K
  class space    used 7894K, committed 8320K, reserved 1048576K
}
Event: 8343.504 GC heap before
{Heap before GC invocations=27 (full 0):
 garbage-first heap   total 710656K, used 152187K [0x0000000704e00000, 0x0000000800000000)
  region size 2048K, 45 young (92160K), 4 survivors (8192K)
 Metaspace       used 52349K, committed 53312K, reserved 1114112K
  class space    used 7895K, committed 8320K, reserved 1048576K
}
Event: 8343.642 GC heap after
{Heap after GC invocations=28 (full 0):
 garbage-first heap   total 710656K, used 73371K [0x0000000704e00000, 0x0000000800000000)
  region size 2048K, 5 young (10240K), 5 survivors (10240K)
 Metaspace       used 52349K, committed 53312K, reserved 1114112K
  class space    used 7895K, committed 8320K, reserved 1048576K
}
Event: 8485.355 GC heap before
{Heap before GC invocations=28 (full 0):
 garbage-first heap   total 710656K, used 186011K [0x0000000704e00000, 0x0000000800000000)
  region size 2048K, 61 young (124928K), 5 survivors (10240K)
 Metaspace       used 52684K, committed 53696K, reserved 1114112K
  class space    used 7935K, committed 8448K, reserved 1048576K
}
Event: 8485.482 GC heap after
{Heap after GC invocations=29 (full 0):
 garbage-first heap   total 710656K, used 77779K [0x0000000704e00000, 0x0000000800000000)
  region size 2048K, 6 young (12288K), 6 survivors (12288K)
 Metaspace       used 52684K, committed 53696K, reserved 1114112K
  class space    used 7935K, committed 8448K, reserved 1048576K
}
Event: 8570.555 GC heap before
{Heap before GC invocations=29 (full 0):
 garbage-first heap   total 710656K, used 176083K [0x0000000704e00000, 0x0000000800000000)
  region size 2048K, 55 young (112640K), 6 survivors (12288K)
 Metaspace       used 52816K, committed 53824K, reserved 1114112K
  class space    used 7935K, committed 8448K, reserved 1048576K
}
Event: 8570.654 GC heap after
{Heap after GC invocations=30 (full 0):
 garbage-first heap   total 710656K, used 84211K [0x0000000704e00000, 0x0000000800000000)
  region size 2048K, 5 young (10240K), 5 survivors (10240K)
 Metaspace       used 52816K, committed 53824K, reserved 1114112K
  class space    used 7935K, committed 8448K, reserved 1048576K
}
Event: 8652.568 GC heap before
{Heap before GC invocations=30 (full 0):
 garbage-first heap   total 710656K, used 225523K [0x0000000704e00000, 0x0000000800000000)
  region size 2048K, 75 young (153600K), 5 survivors (10240K)
 Metaspace       used 53010K, committed 54080K, reserved 1114112K
  class space    used 7938K, committed 8448K, reserved 1048576K
}
Event: 8652.639 GC heap after
{Heap after GC invocations=31 (full 0):
 garbage-first heap   total 710656K, used 89147K [0x0000000704e00000, 0x0000000800000000)
  region size 2048K, 7 young (14336K), 7 survivors (14336K)
 Metaspace       used 53010K, committed 54080K, reserved 1114112K
  class space    used 7938K, committed 8448K, reserved 1048576K
}
Event: 8882.996 GC heap before
{Heap before GC invocations=31 (full 0):
 garbage-first heap   total 710656K, used 246843K [0x0000000704e00000, 0x0000000800000000)
  region size 2048K, 85 young (174080K), 7 survivors (14336K)
 Metaspace       used 53354K, committed 54400K, reserved 1114112K
  class space    used 7940K, committed 8448K, reserved 1048576K
}
Event: 8884.473 GC heap after
{Heap after GC invocations=32 (full 0):
 garbage-first heap   total 710656K, used 98782K [0x0000000704e00000, 0x0000000800000000)
  region size 2048K, 11 young (22528K), 11 survivors (22528K)
 Metaspace       used 53354K, committed 54400K, reserved 1114112K
  class space    used 7940K, committed 8448K, reserved 1048576K
}
Event: 8945.117 GC heap before
{Heap before GC invocations=32 (full 0):
 garbage-first heap   total 710656K, used 109022K [0x0000000704e00000, 0x0000000800000000)
  region size 2048K, 17 young (34816K), 11 survivors (22528K)
 Metaspace       used 53391K, committed 54464K, reserved 1114112K
  class space    used 7940K, committed 8448K, reserved 1048576K
}
Event: 8948.475 GC heap after
{Heap after GC invocations=33 (full 0):
 garbage-first heap   total 710656K, used 94477K [0x0000000704e00000, 0x0000000800000000)
  region size 2048K, 2 young (4096K), 2 survivors (4096K)
 Metaspace       used 53391K, committed 54464K, reserved 1114112K
  class space    used 7940K, committed 8448K, reserved 1048576K
}

Deoptimization events (20 events):
Event: 8932.518 Thread 0x000002e6726d1520 Uncommon trap: trap_request=0xffffff45 fr.pc=0x000002e618d24c2c relative=0x000000000000098c
Event: 8932.750 Thread 0x000002e6726d1520 Uncommon trap: reason=unstable_if action=reinterpret pc=0x000002e618d24c2c method=io.cucumber.core.internal.com.fasterxml.jackson.core.json.WriterBasedJsonGenerator._writeString2(I)V @ 39 c2
Event: 8932.815 Thread 0x000002e6726d1520 DEOPT PACKING pc=0x000002e618d24c2c sp=0x000000e75d9fd980
Event: 8932.938 Thread 0x000002e6726d1520 DEOPT UNPACKING pc=0x000002e6186323a3 sp=0x000000e75d9fd960 mode 2
Event: 8934.385 Thread 0x000002e6753a5020 Uncommon trap: trap_request=0xffffffbe fr.pc=0x000002e619100a84 relative=0x0000000000007a44
Event: 8934.385 Thread 0x000002e6753a5020 Uncommon trap: reason=profile_predicate action=maybe_recompile pc=0x000002e619100a84 method=java.lang.Throwable.printEnclosedStackTrace(Ljava/lang/Throwable$PrintStreamOrWriter;[Ljava/lang/StackTraceElement;Ljava/lang/String;Ljava/lang/String;Ljava/util/S
Event: 8934.385 Thread 0x000002e6753a5020 DEOPT PACKING pc=0x000002e619100a84 sp=0x000000e75d2fe6c0
Event: 8934.484 Thread 0x000002e6753a5020 DEOPT UNPACKING pc=0x000002e6186323a3 sp=0x000000e75d2fe6e8 mode 2
Event: 8983.809 Thread 0x000002e67596bab0 Uncommon trap: trap_request=0xffffff45 fr.pc=0x000002e618f71a04 relative=0x0000000000001a24
Event: 8983.914 Thread 0x000002e67596bab0 Uncommon trap: reason=unstable_if action=reinterpret pc=0x000002e618f71a04 method=io.cucumber.core.stepexpression.ArgumentMatcher.argumentsFrom(Lio/cucumber/core/gherkin/Step;[Ljava/lang/reflect/Type;)Ljava/util/List; @ 8 c2
Event: 8984.022 Thread 0x000002e67596bab0 DEOPT PACKING pc=0x000002e618f71a04 sp=0x000000e75e9fe0f0
Event: 8984.191 Thread 0x000002e67596bab0 DEOPT UNPACKING pc=0x000002e6186323a3 sp=0x000000e75e9fe0b8 mode 2
Event: 8997.491 Thread 0x000002e67596bab0 Uncommon trap: trap_request=0xffffffde fr.pc=0x000002e618ed10a0 relative=0x0000000000000080
Event: 8997.491 Thread 0x000002e67596bab0 Uncommon trap: reason=class_check action=maybe_recompile pc=0x000002e618ed10a0 method=java.util.AbstractList$Itr.hasNext()Z @ 8 c2
Event: 8997.520 Thread 0x000002e67596bab0 DEOPT PACKING pc=0x000002e618ed10a0 sp=0x000000e75e9fde50
Event: 8997.804 Thread 0x000002e67596bab0 DEOPT UNPACKING pc=0x000002e6186323a3 sp=0x000000e75e9fdde0 mode 2
Event: 8997.892 Thread 0x000002e67596bab0 Uncommon trap: trap_request=0xffffffde fr.pc=0x000002e618ee1c64 relative=0x00000000000000c4
Event: 8997.892 Thread 0x000002e67596bab0 Uncommon trap: reason=class_check action=maybe_recompile pc=0x000002e618ee1c64 method=java.util.AbstractList$Itr.next()Ljava/lang/Object; @ 14 c2
Event: 8997.892 Thread 0x000002e67596bab0 DEOPT PACKING pc=0x000002e618ee1c64 sp=0x000000e75e9fde50
Event: 8997.892 Thread 0x000002e67596bab0 DEOPT UNPACKING pc=0x000002e6186323a3 sp=0x000000e75e9fddd0 mode 2

Classes unloaded (20 events):
Event: 4.186 Thread 0x000002e62bdfa100 Unloading class 0x000002e62e37cc00 'java/lang/invoke/LambdaForm$MH+0x000002e62e37cc00'
Event: 4.186 Thread 0x000002e62bdfa100 Unloading class 0x000002e62e37c800 'java/lang/invoke/LambdaForm$MH+0x000002e62e37c800'
Event: 4.186 Thread 0x000002e62bdfa100 Unloading class 0x000002e62e37bc00 'java/lang/invoke/LambdaForm$MH+0x000002e62e37bc00'
Event: 4.186 Thread 0x000002e62bdfa100 Unloading class 0x000002e62e37c000 'java/lang/invoke/LambdaForm$MH+0x000002e62e37c000'
Event: 4.186 Thread 0x000002e62bdfa100 Unloading class 0x000002e62e37b400 'java/lang/invoke/LambdaForm$MH+0x000002e62e37b400'
Event: 4.186 Thread 0x000002e62bdfa100 Unloading class 0x000002e62e37b000 'java/lang/invoke/LambdaForm$MH+0x000002e62e37b000'
Event: 4.186 Thread 0x000002e62bdfa100 Unloading class 0x000002e62e37a400 'java/lang/invoke/LambdaForm$MH+0x000002e62e37a400'
Event: 4.186 Thread 0x000002e62bdfa100 Unloading class 0x000002e62e37a000 'java/lang/invoke/LambdaForm$MH+0x000002e62e37a000'
Event: 4.186 Thread 0x000002e62bdfa100 Unloading class 0x000002e62e378c00 'java/lang/invoke/LambdaForm$MH+0x000002e62e378c00'
Event: 4.186 Thread 0x000002e62bdfa100 Unloading class 0x000002e62e378400 'java/lang/invoke/LambdaForm$MH+0x000002e62e378400'
Event: 4.186 Thread 0x000002e62bdfa100 Unloading class 0x000002e62e1b1c00 'java/lang/invoke/LambdaForm$DMH+0x000002e62e1b1c00'
Event: 4.186 Thread 0x000002e62bdfa100 Unloading class 0x000002e62e1b1800 'java/lang/invoke/LambdaForm$DMH+0x000002e62e1b1800'
Event: 4.186 Thread 0x000002e62bdfa100 Unloading class 0x000002e62e1b0c00 'java/lang/invoke/LambdaForm$DMH+0x000002e62e1b0c00'
Event: 4.186 Thread 0x000002e62bdfa100 Unloading class 0x000002e62e1b1000 'java/lang/invoke/LambdaForm$DMH+0x000002e62e1b1000'
Event: 4.186 Thread 0x000002e62bdfa100 Unloading class 0x000002e62e1a0000 'java/lang/invoke/LambdaForm$DMH+0x000002e62e1a0000'
Event: 4.186 Thread 0x000002e62bdfa100 Unloading class 0x000002e62e199c00 'java/lang/invoke/LambdaForm$DMH+0x000002e62e199c00'
Event: 4.186 Thread 0x000002e62bdfa100 Unloading class 0x000002e62e199400 'java/lang/invoke/LambdaForm$DMH+0x000002e62e199400'
Event: 4.186 Thread 0x000002e62bdfa100 Unloading class 0x000002e62e199000 'java/lang/invoke/LambdaForm$DMH+0x000002e62e199000'
Event: 4.186 Thread 0x000002e62bdfa100 Unloading class 0x000002e62e198800 'java/lang/invoke/LambdaForm$DMH+0x000002e62e198800'
Event: 4.186 Thread 0x000002e62bdfa100 Unloading class 0x000002e62e198400 'java/lang/invoke/LambdaForm$DMH+0x000002e62e198400'

Classes redefined (1 events):
Event: 0.169 Thread 0x000002e62bdfa100 redefined class name=java.lang.Throwable, count=1

Internal exceptions (20 events):
Event: 8891.635 Thread 0x000002e673d3d880 Exception <a 'sun/nio/fs/WindowsException'{0x000000072fed0f30}> (0x000000072fed0f30) 
thrown [s\open\src\hotspot\share\prims\jni.cpp, line 516]
Event: 8891.647 Thread 0x000002e6753aa120 Exception <a 'sun/nio/fs/WindowsException'{0x000000072feed410}> (0x000000072feed410) 
thrown [s\open\src\hotspot\share\prims\jni.cpp, line 516]
Event: 8891.655 Thread 0x000002e67596e840 Exception <a 'sun/nio/fs/WindowsException'{0x000000072ff13e68}> (0x000000072ff13e68) 
thrown [s\open\src\hotspot\share\prims\jni.cpp, line 516]
Event: 8891.679 Thread 0x000002e67596ed50 Exception <a 'sun/nio/fs/WindowsException'{0x000000072ff37d48}> (0x000000072ff37d48) 
thrown [s\open\src\hotspot\share\prims\jni.cpp, line 516]
Event: 8891.974 Thread 0x000002e67596e840 Exception <a 'sun/nio/fs/WindowsException'{0x000000072ff15000}> (0x000000072ff15000) 
thrown [s\open\src\hotspot\share\prims\jni.cpp, line 516]
Event: 8891.983 Thread 0x000002e675969230 Exception <a 'sun/nio/fs/WindowsException'{0x00000007301a8050}> (0x00000007301a8050) 
thrown [s\open\src\hotspot\share\prims\jni.cpp, line 516]
Event: 8892.185 Thread 0x000002e67596ed50 Exception <a 'sun/nio/fs/WindowsException'{0x000000072ff3db70}> (0x000000072ff3db70) 
thrown [s\open\src\hotspot\share\prims\jni.cpp, line 516]
Event: 8894.029 Thread 0x000002e675968d20 Exception <a 'sun/nio/fs/WindowsException'{0x000000072fcab2b0}> (0x000000072fcab2b0) 
thrown [s\open\src\hotspot\share\prims\jni.cpp, line 516]
Event: 8894.030 Thread 0x000002e6753a5020 Exception <a 'sun/nio/fs/WindowsException'{0x000000072fc8cf80}> (0x000000072fc8cf80) 
thrown [s\open\src\hotspot\share\prims\jni.cpp, line 516]
Event: 8894.629 Thread 0x000002e675968d20 Exception <a 'sun/nio/fs/WindowsException'{0x000000072fcae680}> (0x000000072fcae680) 
thrown [s\open\src\hotspot\share\prims\jni.cpp, line 516]
Event: 8894.685 Thread 0x000002e6753a5020 Exception <a 'sun/nio/fs/WindowsException'{0x000000072fcaf620}> (0x000000072fcaf620) 
thrown [s\open\src\hotspot\share\prims\jni.cpp, line 516]
Event: 8895.768 Thread 0x000002e6726d1520 Exception <a 'java/lang/reflect/InvocationTargetException'{0x000000072fcf81e0}> (0x000000072fcf81e0) 
thrown [s\open\src\hotspot\share\runtime\reflection.cpp, line 1121]
Event: 8913.243 Thread 0x000002e67596b090 Exception <a 'java/lang/reflect/InvocationTargetException'{0x000000072fda4eb0}> (0x000000072fda4eb0) 
thrown [s\open\src\hotspot\share\runtime\reflection.cpp, line 1121]
Event: 8933.966 Thread 0x000002e67596b5a0 Exception <a 'sun/nio/fs/WindowsException'{0x000000072fa90520}> (0x000000072fa90520) 
thrown [s\open\src\hotspot\share\prims\jni.cpp, line 516]
Event: 8951.475 Thread 0x000002e67596a670 Exception <a 'java/lang/reflect/InvocationTargetException'{0x000000072f1bd5e0}> (0x000000072f1bd5e0) 
thrown [s\open\src\hotspot\share\runtime\reflection.cpp, line 1121]
Event: 8958.273 Thread 0x000002e6753a8ce0 Exception <a 'sun/nio/fs/WindowsException'{0x000000072f1c25e0}> (0x000000072f1c25e0) 
thrown [s\open\src\hotspot\share\prims\jni.cpp, line 516]
Event: 8968.508 Thread 0x000002e67596b5a0 Exception <a 'sun/nio/fs/WindowsException'{0x000000072ee185a8}> (0x000000072ee185a8) 
thrown [s\open\src\hotspot\share\prims\jni.cpp, line 516]
Event: 8968.618 Thread 0x000002e6753a8ce0 Exception <a 'sun/nio/fs/WindowsException'{0x000000072f1c3778}> (0x000000072f1c3778) 
thrown [s\open\src\hotspot\share\prims\jni.cpp, line 516]
Event: 8984.066 Thread 0x000002e675968810 Exception <a 'sun/nio/fs/WindowsException'{0x000000072e504608}> (0x000000072e504608) 
thrown [s\open\src\hotspot\share\prims\jni.cpp, line 516]
Event: 8990.931 Thread 0x000002e675968810 Exception <a 'sun/nio/fs/WindowsException'{0x000000072e5057a0}> (0x000000072e5057a0) 
thrown [s\open\src\hotspot\share\prims\jni.cpp, line 516]

VM Operations (20 events):
Event: 8944.995 Executing VM operation: G1CollectForAllocation
Event: 8948.476 Executing VM operation: G1CollectForAllocation done
Event: 8949.489 Executing VM operation: Cleanup
Event: 8949.489 Executing VM operation: Cleanup done
Event: 8951.505 Executing VM operation: Cleanup
Event: 8951.506 Executing VM operation: Cleanup done
Event: 8963.611 Executing VM operation: HandshakeAllThreads
Event: 8963.893 Executing VM operation: HandshakeAllThreads done
Event: 8967.930 Executing VM operation: Cleanup
Event: 8968.103 Executing VM operation: Cleanup done
Event: 8971.119 Executing VM operation: Cleanup
Event: 8971.292 Executing VM operation: Cleanup done
Event: 8980.348 Executing VM operation: Cleanup
Event: 8980.457 Executing VM operation: Cleanup done
Event: 8987.482 Executing VM operation: Cleanup
Event: 8989.551 Executing VM operation: Cleanup done
Event: 8991.569 Executing VM operation: Cleanup
Event: 8991.863 Executing VM operation: Cleanup done
Event: 8992.870 Executing VM operation: Cleanup
Event: 8993.088 Executing VM operation: Cleanup done

Events (20 events):
Event: 8951.485 loading class org/junit/AssumptionViolatedException
Event: 8951.486 loading class org/junit/AssumptionViolatedException done
Event: 8952.784 Thread 0x000002e677bb7d40 Thread exited: 0x000002e677bb7d40
Event: 8955.350 Thread 0x000002e677c77540 Thread exited: 0x000002e677c77540
Event: 8958.663 Thread 0x000002e677ba8f50 Thread exited: 0x000002e677ba8f50
Event: 8959.265 Thread 0x000002e677c7b710 Thread exited: 0x000002e677c7b710
Event: 8959.466 loading class org/junit/internal/AssumptionViolatedException
Event: 8959.466 loading class org/junit/internal/AssumptionViolatedException done
Event: 8962.820 loading class org/opentest4j/TestAbortedException
Event: 8962.820 loading class org/opentest4j/TestAbortedException done
Event: 8974.049 Thread 0x000002e677ba1ff0 Thread exited: 0x000002e677ba1ff0
Event: 8974.049 Thread 0x000002e677ba2a10 Thread exited: 0x000002e677ba2a10
Event: 8974.049 Thread 0x000002e677ba3430 Thread exited: 0x000002e677ba3430
Event: 8982.413 Thread 0x000002e677ba1ff0 Thread added: 0x000002e677ba1ff0
Event: 8984.789 loading class io/cucumber/core/gherkin/DocStringArgument
Event: 8984.853 loading class io/cucumber/core/gherkin/DocStringArgument done
Event: 8992.060 loading class io/cucumber/plugin/event/DocStringArgument
Event: 8992.071 loading class io/cucumber/plugin/event/DocStringArgument done
Event: 8998.074 loading class io/cucumber/core/gherkin/messages/GherkinMessagesDataTableArgument$CellView$1
Event: 8998.074 loading class io/cucumber/core/gherkin/messages/GherkinMessagesDataTableArgument$CellView$1 done


Dynamic libraries:
0x00007ff6c1730000 - 0x00007ff6c1740000 	C:\Program Files\Java\jdk-17\bin\java.exe
0x00007ffb40320000 - 0x00007ffb40588000 	C:\WINDOWS\SYSTEM32\ntdll.dll
0x00007ffb3f3e0000 - 0x00007ffb3f4a9000 	C:\WINDOWS\System32\KERNEL32.DLL
0x00007ffb3cd70000 - 0x00007ffb3d161000 	C:\WINDOWS\System32\KERNELBASE.dll
0x00007ffb3d700000 - 0x00007ffb3d84b000 	C:\WINDOWS\System32\ucrtbase.dll
0x00007ffb277c0000 - 0x00007ffb277d9000 	C:\Program Files\Java\jdk-17\bin\jli.dll
0x00007ffb3f4b0000 - 0x00007ffb3f564000 	C:\WINDOWS\System32\ADVAPI32.dll
0x00007ffb3ef90000 - 0x00007ffb3f039000 	C:\WINDOWS\System32\msvcrt.dll
0x00007ffb40000000 - 0x00007ffb400a6000 	C:\WINDOWS\System32\sechost.dll
0x00007ffb3fb20000 - 0x00007ffb3fc38000 	C:\WINDOWS\System32\RPCRT4.dll
0x00007ffb40110000 - 0x00007ffb402d6000 	C:\WINDOWS\System32\USER32.dll
0x00007ffb3d2a0000 - 0x00007ffb3d2c7000 	C:\WINDOWS\System32\win32u.dll
0x00007ffb3e9b0000 - 0x00007ffb3e9db000 	C:\WINDOWS\System32\GDI32.dll
0x00007ffb3d170000 - 0x00007ffb3d29b000 	C:\WINDOWS\System32\gdi32full.dll
0x00007ffb3d650000 - 0x00007ffb3d6f3000 	C:\WINDOWS\System32\msvcp_win.dll
0x00007ffb266b0000 - 0x00007ffb266cb000 	C:\Program Files\Java\jdk-17\bin\VCRUNTIME140.dll
0x00007ffb21a70000 - 0x00007ffb21d03000 	C:\WINDOWS\WinSxS\amd64_microsoft.windows.common-controls_6595b64144ccf1df_6.0.26100.7824_none_3e0870b2e3345462\COMCTL32.dll
0x00007ffb29410000 - 0x00007ffb2941b000 	C:\WINDOWS\SYSTEM32\VERSION.dll
0x00007ffb400d0000 - 0x00007ffb40101000 	C:\WINDOWS\System32\IMM32.DLL
0x00007ffb156e0000 - 0x00007ffb1583c000 	C:\Program Files (x86)\Citrix\ICA Client\ctxapclient64.dll
0x00007ffb3fc70000 - 0x00007ffb3fff6000 	C:\WINDOWS\System32\combase.dll
0x00007ffb3caf0000 - 0x00007ffb3cb1a000 	C:\WINDOWS\SYSTEM32\bcrypt.dll
0x00007ffb3ba90000 - 0x00007ffb3bac6000 	C:\WINDOWS\SYSTEM32\ntmarta.dll
0x00007ffb3ccc0000 - 0x00007ffb3cd65000 	C:\WINDOWS\System32\bcryptprimitives.dll
0x00007ffb27d60000 - 0x00007ffb27d6c000 	C:\Program Files\Java\jdk-17\bin\vcruntime140_1.dll
0x00007ffabf3e0000 - 0x00007ffabf46e000 	C:\Program Files\Java\jdk-17\bin\msvcp140.dll
0x00007ffa3c9e0000 - 0x00007ffa3d5c0000 	C:\Program Files\Java\jdk-17\bin\server\jvm.dll
0x00007ffb3f350000 - 0x00007ffb3f358000 	C:\WINDOWS\System32\PSAPI.DLL
0x00007ffb11210000 - 0x00007ffb1121a000 	C:\WINDOWS\SYSTEM32\WSOCK32.dll
0x00007ffb3f360000 - 0x00007ffb3f3d4000 	C:\WINDOWS\System32\WS2_32.dll
0x00007ffb2fa20000 - 0x00007ffb2fa55000 	C:\WINDOWS\SYSTEM32\WINMM.dll
0x00007ffb3b960000 - 0x00007ffb3b97b000 	C:\WINDOWS\SYSTEM32\kernel.appcore.dll
0x00007ffb273c0000 - 0x00007ffb273ca000 	C:\Program Files\Java\jdk-17\bin\jimage.dll
0x00007ffb3ac50000 - 0x00007ffb3ae92000 	C:\WINDOWS\SYSTEM32\DBGHELP.DLL
0x00007ffb3f040000 - 0x00007ffb3f117000 	C:\WINDOWS\System32\OLEAUT32.dll
0x00007ffb119f0000 - 0x00007ffb11a2b000 	C:\WINDOWS\SYSTEM32\dbgcore.DLL
0x00007ffb39570000 - 0x00007ffb3957e000 	C:\Program Files\Java\jdk-17\bin\instrument.dll
0x00007ffb25080000 - 0x00007ffb250a5000 	C:\Program Files\Java\jdk-17\bin\java.dll
0x00007ffb15d30000 - 0x00007ffb15d48000 	C:\Program Files\Java\jdk-17\bin\zip.dll
0x00007ffaa7b00000 - 0x00007ffaa7bd7000 	C:\Program Files\Java\jdk-17\bin\jsvml.dll
0x00007ffb3e0c0000 - 0x00007ffb3e812000 	C:\WINDOWS\System32\SHELL32.dll
0x00007ffb3d450000 - 0x00007ffb3d5ba000 	C:\WINDOWS\System32\wintypes.dll
0x00007ffb3d850000 - 0x00007ffb3e0b3000 	C:\WINDOWS\System32\windows.storage.dll
0x00007ffb3e820000 - 0x00007ffb3e916000 	C:\WINDOWS\System32\SHCORE.dll
0x00007ffb3f120000 - 0x00007ffb3f187000 	C:\WINDOWS\System32\shlwapi.dll
0x00007ffb3cb20000 - 0x00007ffb3cb49000 	C:\WINDOWS\SYSTEM32\profapi.dll
0x00007ffb16750000 - 0x00007ffb16769000 	C:\Program Files\Java\jdk-17\bin\net.dll
0x00007ffb33110000 - 0x00007ffb33237000 	C:\WINDOWS\SYSTEM32\WINHTTP.dll
0x00007ffb3bec0000 - 0x00007ffb3bf2b000 	C:\WINDOWS\system32\mswsock.dll
0x00007ffb15d50000 - 0x00007ffb15d66000 	C:\Program Files\Java\jdk-17\bin\nio.dll
0x00007ffb3c1c0000 - 0x00007ffb3c1db000 	C:\WINDOWS\SYSTEM32\CRYPTSP.dll
0x00007ffb3b8c0000 - 0x00007ffb3b8f9000 	C:\WINDOWS\system32\rsaenh.dll
0x00007ffb3bf70000 - 0x00007ffb3bf9b000 	C:\WINDOWS\SYSTEM32\USERENV.dll
0x00007ffb3c1e0000 - 0x00007ffb3c1ec000 	C:\WINDOWS\SYSTEM32\CRYPTBASE.dll
0x00007ffb3b360000 - 0x00007ffb3b394000 	C:\WINDOWS\SYSTEM32\IPHLPAPI.DLL
0x00007ffb3f7d0000 - 0x00007ffb3f7da000 	C:\WINDOWS\System32\NSI.dll
0x00007ffb34030000 - 0x00007ffb3404e000 	C:\WINDOWS\SYSTEM32\dhcpcsvc6.DLL
0x00007ffb33f90000 - 0x00007ffb33fb3000 	C:\WINDOWS\SYSTEM32\dhcpcsvc.DLL
0x00007ffb3b3a0000 - 0x00007ffb3b4cc000 	C:\WINDOWS\SYSTEM32\DNSAPI.dll
0x00007ffb26800000 - 0x00007ffb2680e000 	C:\Program Files\Java\jdk-17\bin\sunmscapi.dll
0x000002e62cce0000 - 0x000002e62ce57000 	C:\WINDOWS\System32\CRYPT32.dll
0x00007ffb3c400000 - 0x00007ffb3c430000 	C:\WINDOWS\SYSTEM32\ncrypt.dll
0x00007ffb3c3b0000 - 0x00007ffb3c3ef000 	C:\WINDOWS\SYSTEM32\NTASN1.dll
0x00007ffb33240000 - 0x00007ffb3324b000 	C:\Windows\System32\rasadhlp.dll
0x00007ffb34400000 - 0x00007ffb34486000 	C:\WINDOWS\System32\fwpuclnt.dll
0x00007ffb26390000 - 0x00007ffb2639a000 	C:\Program Files\Java\jdk-17\bin\management.dll
0x00007ffb16ba0000 - 0x00007ffb16bab000 	C:\Program Files\Java\jdk-17\bin\management_ext.dll
0x00007ffb0aba0000 - 0x00007ffb0abb8000 	C:\WINDOWS\system32\napinsp.dll
0x00007ffb0ab80000 - 0x00007ffb0ab92000 	C:\WINDOWS\System32\winrnr.dll
0x00007ffb0ab50000 - 0x00007ffb0ab72000 	C:\WINDOWS\system32\nlansp_c.dll
0x00007ffb31380000 - 0x00007ffb31396000 	C:\WINDOWS\system32\wshbth.dll
0x00007ffb39590000 - 0x00007ffb395a0000 	C:\Program Files\Java\jdk-17\bin\verify.dll
0x00007ffafd050000 - 0x00007ffafd058000 	C:\WINDOWS\system32\wshunix.dll

dbghelp: loaded successfully - version: 4.0.5 - missing functions: none
symbol engine: initialized successfully - sym options: 0x614 - pdb path: .;C:\Program Files\Java\jdk-17\bin;C:\WINDOWS\SYSTEM32;C:\WINDOWS\WinSxS\amd64_microsoft.windows.common-controls_6595b64144ccf1df_6.0.26100.7824_none_3e0870b2e3345462;C:\Program Files (x86)\Citrix\ICA Client;C:\Program Files\Java\jdk-17\bin\server

VM Arguments:
jvm_args: -javaagent:C:\Users\gayat\AppData\Local\JetBrains\IdeaIC2025.2\captureAgent\debugger-agent.jar=file:///C:/Users/gayat/AppData/Local/Temp/capture902669498718563874.props -ea -Didea.test.cyclic.buffer.size=1048576 -javaagent:C:\Program Files\JetBrains\IntelliJ IDEA Community Edition 2025.2\lib\idea_rt.jar=60085 -Dkotlinx.coroutines.debug.enable.creation.stack.trace=false -Ddebugger.agent.enable.coroutines=true -Dkotlinx.coroutines.debug.enable.flows.stack.trace=true -Dkotlinx.coroutines.debug.enable.mutable.state.flows.stack.trace=true -Dfile.encoding=UTF-8 
java_command: com.intellij.rt.testng.RemoteTestNGStarter -usedefaultlisteners false -socket60084 @w@C:\Users\gayat\AppData\Local\Temp\idea_working_dirs_testng.tmp -temp C:\Users\gayat\AppData\Local\Temp\idea_testng.tmp
java_class_path (initial): C:\Program Files\JetBrains\IntelliJ IDEA Community Edition 2025.2\lib\idea_rt.jar;C:\Program Files\JetBrains\IntelliJ IDEA Community Edition 2025.2\plugins\testng\lib\testng-rt.jar;C:\Users\gayat\intellij-learning\SDET229Stars\target\test-classes;C:\Users\gayat\intellij-learning\SDET229Stars\target\classes;C:\Users\gayat\.m2\repository\org\seleniumhq\selenium\selenium-java\4.38.0\selenium-java-4.38.0.jar;C:\Users\gayat\.m2\repository\org\seleniumhq\selenium\selenium-api\4.38.0\selenium-api-4.38.0.jar;C:\Users\gayat\.m2\repository\org\jspecify\jspecify\1.0.0\jspecify-1.0.0.jar;C:\Users\gayat\.m2\repository\org\seleniumhq\selenium\selenium-chrome-driver\4.38.0\selenium-chrome-driver-4.38.0.jar;C:\Users\gayat\.m2\repository\com\google\auto\service\auto-service-annotations\1.1.1\auto-service-annotations-1.1.1.jar;C:\Users\gayat\.m2\repository\org\seleniumhq\selenium\selenium-chromium-driver\4.38.0\selenium-chromium-driver-4.38.0.jar;C:\Users\gayat\.m2\repository\org\seleniumhq\selenium\selenium-json\4.38.0\selenium-json-4.38.0.jar;C:\Users\gayat\.m2\repository\org\seleniumhq\selenium\selenium-manager\4.38.0\selenium-manager-4.38.0.jar;C:\Users\gayat\.m2\repository\org\seleniumhq\selenium\selenium-devtools-v140\4.38.0\selenium-devtools-v140-4.38.0.jar;C:\Users\gayat\.m2\repository\org\seleniumhq\selenium\selenium-devtools-v141\4.38.0\selenium-devtools-v141-4.38.0.jar;C:\Users\gayat\.m2\repository\org\seleniumhq\selenium\selenium-devtools-v142\4.38.0\selenium-devtools-v142-4.38.0.jar;C:\Users\gayat\.m2\repository\org\seleniumhq\selenium\selenium-edge-driver\4.38.0\selenium-edge-driver-4.38.0.jar;C:\Users\gayat\.m2\repository\org\seleniumhq\selenium\selenium-firefox-driver\4.38.0\selenium-firefox-driver-4.38.0.jar;C:\Users\gayat\.m2\repository\org\seleniumhq\selenium\selenium-http\4.38.0\selenium-http-4.38.0.jar;C:\Users\gayat\.m2\repository\org\seleniumhq\selenium\selenium-ie-driver\4.38.0\selenium-ie-driver-4.38.0.jar;C:\Users\gayat\.m2\repos
Launcher Type: SUN_STANDARD

[Global flags]
     intx CICompilerCount                          = 4                                         {product} {ergonomic}
     uint ConcGCThreads                            = 3                                         {product} {ergonomic}
     uint G1ConcRefinementThreads                  = 10                                        {product} {ergonomic}
   size_t G1HeapRegionSize                         = 2097152                                   {product} {ergonomic}
    uintx GCDrainStackTargetSize                   = 64                                        {product} {ergonomic}
   size_t InitialHeapSize                          = 264241152                                 {product} {ergonomic}
   size_t MarkStackSize                            = 4194304                                   {product} {ergonomic}
   size_t MaxHeapSize                              = 4213178368                                {product} {ergonomic}
   size_t MaxNewSize                               = 2527068160                                {product} {ergonomic}
   size_t MinHeapDeltaBytes                        = 2097152                                   {product} {ergonomic}
   size_t MinHeapSize                              = 8388608                                   {product} {ergonomic}
    uintx NonNMethodCodeHeapSize                   = 5839372                                {pd product} {ergonomic}
    uintx NonProfiledCodeHeapSize                  = 122909434                              {pd product} {ergonomic}
    uintx ProfiledCodeHeapSize                     = 122909434                              {pd product} {ergonomic}
    uintx ReservedCodeCacheSize                    = 251658240                              {pd product} {ergonomic}
     bool SegmentedCodeCache                       = true                                      {product} {ergonomic}
   size_t SoftMaxHeapSize                          = 4213178368                             {manageable} {ergonomic}
     bool UseCompressedClassPointers               = true                           {product lp64_product} {ergonomic}
     bool UseCompressedOops                        = true                           {product lp64_product} {ergonomic}
     bool UseG1GC                                  = true                                      {product} {ergonomic}
     bool UseLargePagesIndividualAllocation        = false                                  {pd product} {ergonomic}

Logging:
Log output configuration:
 #0: stdout all=warning uptime,level,tags
 #1: stderr all=off uptime,level,tags

Environment Variables:
JAVA_HOME=C:\Program Files\Java\jdk-17
PATH=C:\Python313\Scripts\;C:\Python313\;C:\Program Files\Common Files\Oracle\Java\javapath;C:\Program Files (x86)\Common Files\Oracle\Java\java8path;C:\Program Files (x86)\Common Files\Oracle\Java\javapath;C:\WINDOWS\system32;C:\WINDOWS;C:\WINDOWS\System32\Wbem;C:\WINDOWS\System32\WindowsPowerShell\v1.0\;C:\WINDOWS\System32\OpenSSH\;C:\Program Files\dotnet\;C:\Program Files\apache-maven-3.9.9\bin;C:\Program Files\Git\cmd;C:\Program Files\Android\Android Studio\bin;C:\Users\gayat\AppData\Local\Android\Sdk\platform-tools;C:\Users\gayat\AppData\Local\Android\Sdk\tools;C:\Users\gayat\AppData\Local\Android\Sdk\build-tools;C:\Users\gayat\AppData\Local\Android\Sdk\emulator;C:\Program Files (x86)\Microsoft SQL Server\160\Tools\Binn\;C:\Program Files\Microsoft SQL Server\160\Tools\Binn\;C:\Program Files\Microsoft SQL Server\Client SDK\ODBC\170\Tools\Binn\;C:\Program Files\Microsoft SQL Server\160\DTS\Binn\;C:\Program Files\nodejs\;C:\ProgramData\chocolatey\bin;C:\Program Files\Java\jdk-17\bin;C:\Program Files\Java\jdk-17;C:\Program Files\apache-maven-3.9.9\bin;C:\Program Files\Docker\Docker\resources\bin;C:\Program Files\new_ngrok_windows;C:\Program Files\cursor\resources\app\bin;C:\Users\gayat\AppData\Local\Microsoft\WindowsApps;C:\Program Files\JetBrains\Aqua 2024.2.1\bin;C:\Program Files\PostgreSQL\17\bin;;C:\Program Files\JetBrains\IntelliJ IDEA Community Edition 2025.2\bin;C:\Users\gayat\AppData\Roaming\npm;C:\Users\gayat\AppData\Local\Programs\Microsoft VS Code\bin;C:\Program Files\JetBrains\PyCharm Community Edition 2024.3.5\bin;;C:\Program Files\Java\jdk-17\bin;C:\Program Files\apache-maven-3.9.9\bin;
USERNAME=gayat
OS=Windows_NT
PROCESSOR_IDENTIFIER=Intel64 Family 6 Model 186 Stepping 3, GenuineIntel



---------------  S Y S T E M  ---------------

OS:
 Windows 11 , 64 bit Build 26100 (10.0.26100.7705)
OS uptime: 4 days 18:12 hours
Hyper-V role detected

CPU: total 12 (initial active 12) (6 cores per cpu, 2 threads per core) family 6 model 186 stepping 3 microcode 0x4128, cx8, cmov, fxsr, ht, mmx, 3dnowpref, sse, sse2, sse3, ssse3, sse4.1, sse4.2, popcnt, lzcnt, tsc, tscinvbit, avx, avx2, aes, erms, clmul, bmi1, bmi2, adx, sha, fma, vzeroupper, clflush, clflushopt, clwb, hv

Memory: 4k page, system-wide physical 16068M (281M free)
TotalPageFile size 65220M (AvailPageFile size 9M)
current process WorkingSet (physical memory assigned to process): 110M, peak: 467M
current process commit charge ("private bytes"): 979M, peak: 998M

vm_info: Java HotSpot(TM) 64-Bit Server VM (17.0.12+8-LTS-286) for windows-amd64 JRE (17.0.12+8-LTS-286), built on Jun  5 2024 06:46:59 by "mach5one" with MS VC++ 17.6 (VS2022)

END.
